name,latitude,longitude,road_type
Langs Garden Road,13.0807383,80.26520005,secondary
EVR Periyar Salai,13.080791778879224,80.26605160311449,primary
EVK Sampath Salai,13.080242750000002,80.26280525,tertiary
EVR Periyar Salai,13.080425850000001,80.26337835000001,primary
EVK Sampath Salai,13.081620872550026,80.26243482289513,tertiary
Ritherdon Road,13.07937505,80.25878125000001,secondary
Ritherdon Road,13.080400098321718,80.25868329793293,secondary
EVR Periyar Salai,13.079801288252563,80.260791857726,primary
Raja Annamalai Road,13.0789379,80.2546906,primary
Raja Annamalai Road,13.080234172492695,80.25471319542974,primary
EVR Periyar Salai,13.079093959491042,80.25564118021093,primary
EVR Periyar Salai,13.078921465532533,80.2539418984029,primary
Gengu Reddy Road,13.0788294,80.25169059999999,secondary
EVR Periyar Salai,13.07888775,80.25180069999999,primary
EVR Periyar Salai,13.078865489463311,80.25034552639714,primary
Vasu Street,13.07741095,80.24065590000001,residential
EVR Periyar Salai,13.077347549999997,80.24066245,primary
EVR Periyar Salai,13.076697665318541,80.23805964633038,primary
Taylors Road,13.076848413580091,80.23802793221425,tertiary
New Avadi Road,13.07663985,80.23377364999999,secondary
New Avadi Road,13.075800300000001,80.23390624999999,secondary_link
EVR Periyar Salai,13.07601412592799,80.23463244456552,primary
EVR Periyar Salai,13.07402321740483,80.22831675036646,primary
EVR Periyar Salai,13.0739559,80.2247368,primary
EVR Periyar Salai,13.07701414096603,80.21120706714248,primary
EVR Periyar Salai,13.076965137124063,80.20663657891124,primary
EVR Periyar Salai,13.076699640807908,80.20444231242122,primary
Padikuppam Causeway,13.07418285,80.19111305,residential
EVR Periyar Salai,13.074024254209691,80.19097539630283,primary
EVR Periyar Salai,13.071357630134692,80.18569246918115,primary
Perumal Koil Street,13.071056417884346,80.18622748284874,tertiary
EVR Periyar Salai,13.064226622928317,80.17095473701441,primary
General Hospital Road,13.082261849999998,80.28138999999999,primary
Muthuswamy Road,13.08232335,80.28166039999999,primary
Anna Salai (Mount Road),13.011664540315724,80.21906123606217,primary
U turn in Guindy,13.0123635,80.221172,primary
Anna Salai (Mount Road),13.012552928565176,80.22140509982395,primary
Velachery Road,13.015707349999998,80.2253481,secondary
Towards Adayar,13.01529587359275,80.22571871511971,primary
Anna Salai (Mount Road),13.0281539,80.23553385,primary
Anna Salai (Mount Road),13.03117975,80.2397069,primary
Anna Salai (Mount Road),13.034478534949258,80.2450784782248,primary
VV Koil Street,13.048787650000001,80.24998715000001,residential
Anna Salai (Mount Road),13.048530282137596,80.24965961405573,primary
Anna Salai (Mount Road),13.056212768754111,80.25613559560371,primary
Anna Salai (Mount Road),13.057244556676933,80.25717759934638,primary
Pathari Road,13.05904353909642,80.25707554261899,tertiary
Anna Salai (Mount Road),13.059927828744705,80.26029121471791,primary
Anna Salai (Mount Road),13.068274198986094,80.27149794397891,primary
Anna Salai (Mount Road),13.07172385,80.27434425,primary
Swami Sivananda Salai,13.071742749999997,80.2744563,secondary
Anna Salai (Mount Road),13.071918599999998,80.2744988,primary
Ramakrishna Link Road,13.11972005,80.19944335,tertiary
Jawaharlal Nehru Road (100 Feet Road),13.119292594375926,80.19890200107073,primary
Jawaharlal Nehru Road (100 Feet Road),13.080804050000001,80.19850195000001,primary
Pillayar Koil Street,13.080447987002055,80.19828783041088,residential
Jawaharlal Nehru Road (100 Feet Road),13.076760900000002,80.1989818,primary
EVR Periyar Salai Flyover Ramp,13.076439277321889,80.1983978400137,primary_link
Jawaharlal Nehru Road (100 Feet Road),13.075669900000001,80.19905854999999,primary
Jawaharlal Nehru Road (100 Feet Road),13.050130000000001,80.21189135,tertiary
NSK Salai,13.04996695,80.21203535,primary
10th Avenue,13.034667810889028,80.21342505168555,tertiary
Inner Ring Road,13.03506985,80.21055390000001,primary
"1st Street, Balaji Nagar",13.02232275,80.2058786,residential
Inner Ring Road,13.022603202139917,80.2063872871488,primary
Inner Ring Road,13.020717234895978,80.20628481976145,primary
Pillaiyar Koil 1st Street,13.01992785970584,80.2059728982753,residential
Inner Ring Road,13.0191831,80.20613065,primary
Aovaiyaar Street,13.01906685,80.2058102,residential
Mount - Poonamallee - Avadi Road,13.0360685,80.1535722,primary
Mount Poonamallee Highway,13.0344488,80.15738195,tertiary
Mount - Poonamallee - Avadi Road,13.0146512,80.19315915,primary
Srikrishna Colony,13.015510987184257,80.19311475016083,residential
Eldams Road,13.038063449999997,80.2567191,secondary
Eldams Road,13.03817355122668,80.25570725139377,secondary
Mowbrays Road,13.038460647119795,80.25689742556766,secondary
Anna Salai (Mount Road),13.038823325499795,80.24691915853512,primary
TTK Road,13.0288227,80.2497942,secondary
Adyar Gate Club Road,13.028317715366756,80.24939328269593,tertiary
TTK 1st Cross,13.0325148,80.2520743,tertiary
T T Krishnamachari Road,13.032517850000001,80.25254525,secondary
TTK Road,13.044175047845588,80.25974181677347,secondary
"['Bishop Wallers Avenue West', 'Bishop Wallers Avenue North']",13.044294606143595,80.26038965995042,residential
Maharani Chinamma Road,13.039133350662798,80.25244309557287,residential
Maharaja Surya Road,13.039461025378543,80.25354085957962,residential
TTK Road,13.0388757,80.25719335,secondary
Maharaja Surya Road,13.038873108120686,80.25708562554684,residential
Eldams Road,13.03869615,80.25204289999999,secondary
Eldams Road,13.03861375,80.25259754999999,secondary
H.D. Raja Street,13.038138958013826,80.25212357134848,residential
Maharani Chinamma Road,13.039133350662798,80.25244309557287,residential
Poes Main Road,13.040243799999999,80.2504412,residential
1st Street,13.040142998994437,80.25114821399286,residential
Poes Main Road,13.039843326129208,80.25041650262337,residential
Raja Krishna Road,13.0398158,80.25178305,residential
1st Street,13.040142998994437,80.25114821399286,residential
Poes Road,13.040439223179431,80.25197548065083,residential
Varadarajapuram Main Road,13.04149495,80.2521984,residential
Poes Road,13.041688149999999,80.2519567,residential
Poes Road,13.041149648471494,80.25197920490605,residential
3rd Street,13.041458100421512,80.25147813512432,residential
Maharaja Surya Road,13.03926975,80.25481644999999,residential
2nd Street,13.039726,80.25463644999999,residential
Maharaja Surya Road,13.039461025378543,80.25354085957962,residential
Poes Main Road,13.0392859,80.25033529999999,residential
Eldams Road,13.039007112049056,80.24995386634586,secondary
Raja Krishna Road,13.0391267,80.2516408,residential
Eldams Road,13.03875855,80.25164325,secondary
Eldams Road,13.038777549999999,80.2514723,secondary
Sriman Srinivasan Road,13.041114300000002,80.25504169999999,residential
2nd Street,13.040643,80.25478465,residential
Varadarajapuram Main Road,13.041425560519672,80.25397358125467,residential
Ambujammal Street,13.04022245,80.2570497,residential
TTK Road,13.04047271220144,80.25815223602746,secondary
Poes Main Road,13.040243799999999,80.2504412,residential
Poes Main Road,13.0405791,80.2504357,residential
Elango Salai,13.04040219214244,80.24995881821187,residential
Jayammal Road,13.04042753672476,80.24816121226685,residential
Anna Salai (Mount Road),13.03997863248255,80.24715437285268,primary
Raja Krishna Road,13.0391267,80.2516408,residential
Raja Krishna Road,13.0398158,80.25178305,residential
Venkatarathinam Street,13.03954905,80.2510495,residential
2nd Street,13.04077285,80.25120835,residential
Poes Main Road,13.0405791,80.2504357,residential
"['MA Garden', 'Poes Main Road']",13.041110029503983,80.25026777647416,residential
2nd Street,13.04077285,80.25120835,residential
Poes Road,13.041149648471494,80.25197920490605,residential
Poes Road,13.040439223179431,80.25197548065083,residential
Thiruvalluvar Salai,13.03800215,80.25125875000002,tertiary
Eldams Road,13.038839849999999,80.25100485,secondary
Eldams Road,13.038777549999999,80.2514723,secondary
CV Raman Road,13.034829258473518,80.2574400503609,tertiary
CP Ramaswamy Road,13.034492595816987,80.25703351088997,secondary
CV Raman Road,13.03505155,80.2546549,secondary
Kavingar Barathidasan Road,13.0351078,80.25398670000001,secondary
Rangoon Street,13.0356141,80.245774,residential
Anna Salai (Mount Road),13.036355656128556,80.24615583920976,primary
Seethammal Road,13.03674537175596,80.25353945644525,residential
"['Seethammal Road', 'T T Krishnamachari Road']",13.037016151614278,80.2553381362303,"['residential', 'secondary']"
Greenways Road,13.018648599999999,80.25966735,tertiary
Greenways Road,13.018667149999999,80.26037529999999,tertiary
Kamarajar Salai,13.019417288755491,80.25978901273577,tertiary
Kamarajar Salai,13.0228497,80.25899390000001,tertiary
Kamarajar Salai,13.0219752,80.25932259999999,tertiary
Park View Street,13.022241399999999,80.2587977,residential
Srinivasa Road,13.02227435,80.2595372,tertiary
RA Puram 1st Main Road,13.02808585,80.25512035,residential
RA Puram 1st Main Road,13.028000250000002,80.25714185,residential
CP Ramaswamy Road,13.027560218812349,80.25645121517583,secondary
Abhiramapuram 3rd Street,13.03149735,80.2572309,residential
CP Ramaswamy Road,13.03121055,80.2566818,secondary
Abhiramapuram 3rd Street,13.031581194416413,80.25590503152688,residential
Rajasekaran Street,13.0445285,80.27197145,residential
Dr Radhakrishnan Salai,13.043818850000003,80.27255109999999,primary
Dr Radhakrishnan Salai,13.043320053907172,80.27540265310105,primary
Kalaingar Karunanidhi Salai,12.8976292,80.24743975,primary
East Coast Road,12.89740025,80.2474253,primary
Shyamala Garden,12.90093250468665,80.25097040069357,residential
East Coast Road,12.900350522648802,80.24834796447824,primary
Bharathi Avenue,12.9099316,80.25061195,residential
East Coast Road,12.909110519116485,80.24996525454554,primary
East Coast Road,12.913192101590107,80.25027939624057,primary
Dr Nanjunda Rao Road,12.919685709052342,80.2514925341495,residential
East Coast Road,12.919376409425587,80.25102008463956,primary
Dr Nanjunda Rao Road,12.919741809848682,80.25110705347986,residential
Anna Salai,12.96164785,80.2562471,residential
East Coast Road,12.962068638998366,80.25628805458847,primary
Vembuli amman kovil street,12.961746885265558,80.25551923186748,residential
Burial Ground Road,12.966677950000001,80.257331,residential
East Coast Road,12.966460349492133,80.25697030284,primary
Sengaeni Amman Koil St,12.868744649999998,80.2427989,residential
East Coast Road,12.869082735672983,80.24349477583478,primary
East Coast Road,12.924005048973468,80.25117876335007,primary
VOC street,12.920593879989735,80.25205069602993,residential
East Coast Road,12.920259870762472,80.25132824324488,primary
Dr. Seshadhri Avenue,12.907940607193853,80.25190600670543,residential
East Coast Road,12.90687249819944,80.24955380806152,primary
East Coast Road,12.9052268,80.24920359999999,primary
Rajiv Avenue,12.90519999226202,80.25197364910102,residential
East Coast Road,12.904011930549299,80.24902098957529,primary
RBI Subway,13.085216345509142,80.28931513027726,primary
Santhome High Road,13.03650907721003,80.27803683327387,primary
Rosary Church Road,13.03353269159252,80.27690251582696,secondary
Santhome High Road,13.032935677535347,80.27748848335774,primary
Santhome High Road,13.034379346687153,80.27753811679064,primary
Santhome High Road,13.0319447,80.27755844999999,primary
Santhome High Road,13.03222361239226,80.27752840989191,primary
Lein Perira Street,13.03015605,80.27713130000001,residential
Santhome High Road,13.03013065,80.27684454999999,primary
Santhome High Road,13.0303398,80.27692625,primary
Santhome High Road,13.029588900000002,80.27668335,primary
Santhome High Road,13.029857550000001,80.27675970000001,primary
Santhome High Road,13.029076100000001,80.27652495,primary
Madha Church Road,13.028556146936515,80.27672225623292,residential
Madha Church Road,13.028704876590147,80.2761448507052,tertiary
Santhome High Road,13.028157890275502,80.27624681977906,primary
South Leith Castle Street,13.02639955,80.276235,residential
Santhome High Road,13.026273634164468,80.27539275832632,primary
Saint Lazarus Church Road,13.0258675,80.27514535,residential
"['Palina Street', 'Saint Lazarus Church Road']",13.025703041609086,80.27553694205176,residential
Santhome High Road,13.025279970947603,80.2749411267237,primary
Santhome High Road,13.0240021,80.27393295,primary
South Canal Bank Road,13.0240507,80.2739221,tertiary
Loop Road,13.023893788861994,80.27423285838675,tertiary
DGS Dhinakaran Road,13.01862562327175,80.26633340567994,primary
Inner Ring Road,13.032003336158663,80.21098653130997,primary
Jawaharlal Nehru Road (100 Feet Road),13.06946872861059,80.20534785633022,primary
Jawaharlal Nehru Road (100 Feet Road),13.072453078375556,80.20177512490206,primary
Sardar Patel Road,13.008550715529058,80.23183858066908,primary
West Canal Bank Road,13.008446395902068,80.24770696300321,residential
Sardar Patel Road,13.00676813841321,80.2480007801154,primary
Rajiv Gandhi IT Expressway,12.987847200000001,80.25132265000002,primary
Wheatcrofts Road,13.06474995,80.2433608,residential
McNichols Road,13.065265400076523,80.24353534487412,primary
McNichols Road,13.0639733,80.24351605,primary
Valluvar Kottam High Road,13.061311949999999,80.2431393,secondary
New Street,13.06121695,80.24349915,residential
Valluvar Kottam High Road,13.0597607,80.242584,secondary
Noor Veeraswamy Street,13.059420929431163,80.24302921602586,residential
Krishna Street,13.0576966,80.2421135,residential
Krishna Street,13.057844750000001,80.2427882,residential
Valluvar Kottam High Road,13.0582105,80.24268860000001,secondary
2nd Cross Street,13.0401941,80.25429205,residential
2nd Street,13.039726,80.25463644999999,residential
2nd Street,13.040643,80.25478465,residential
2nd Cross Street,13.04026575,80.25366735,residential
Maharaja Surya Road,13.0390022,80.2564683,residential
Sheshadri Road,13.039423150000003,80.25598645,residential
Maharaja Surya Road,13.039167200000003,80.25549964999999,residential
Kasturi Rangan Lane,13.0421475,80.25706220000001,residential
Kasturi Rangan Road,13.04272465,80.2564284,residential
Kasturi Estate 1st Street,13.0423143579121,80.25533332380083,residential
Kasturi Rangan Road,13.041599298189132,80.25632311471169,residential
Kasturi Rangan Road,13.0432655,80.25616425000001,residential
Kasturi Rangan Road,13.04272465,80.2564284,residential
JJ Road,13.04319083613117,80.25737004892792,residential
Kasturi Rangan Road,13.043891283155148,80.25642131951575,residential
Sriman Srinivasan Road,13.041075249999999,80.25547205000001,residential
Sriman Srinivasan Road,13.0410843,80.25529795,residential
1st Street,13.040156750000001,80.2552209,residential
1st Street,13.040156750000001,80.2552209,residential
Maharaja Surya Road,13.03926975,80.25481644999999,residential
Maharaja Surya Road,13.039167200000003,80.25549964999999,residential
Sheshadri Road,13.04005355,80.25609134999999,residential
Sheshadri Road,13.039423150000003,80.25598645,residential
Bashyam Basheer Ahmed Street,13.0396115,80.25683665,residential
Bashyam Basheer Ahmed Street,13.0396115,80.25683665,residential
TTK Road,13.039780400000001,80.257795,secondary
Sheshadri Road,13.040685100000001,80.25619645,residential
Sheshadri Road,13.04005355,80.25609134999999,residential
Ambujammal Street,13.04022245,80.2570497,residential
Venkatarathinam Street,13.03954905,80.2510495,residential
Poes Main Road,13.0392859,80.25033529999999,residential
Poes Main Road,13.039843326129208,80.25041650262337,residential
Kavingar Bharathidasan Road,13.035325199999999,80.25029225,secondary
Kavingar Bharathidasan Road,13.0352872,80.25109560000001,secondary
Thiruvalluvar Salai,13.03501955,80.2507357,tertiary
Thiruvalluvar Salai,13.035659991478536,80.25084206145958,tertiary
Piliyar Koil Street,13.039275750000002,80.24942985000001,residential
Eldams Road,13.0390968,80.24924630000001,secondary
Nattumuthu Street,13.0394822,80.24932369999999,residential
Piliyar Koil Street,13.039275750000002,80.24942985000001,residential
Piliyar Koil Street,13.039935512311,80.24947236323254,residential
Jayammal Road,13.040397500000003,80.24927405,residential
Elango Salai,13.04040219214244,80.24995881821187,residential
Piliyar Koil Street,13.039935512311,80.24947236323254,residential
Eldams Road,13.03942635,80.2472817,secondary
Nattumuthu Street,13.03953988308118,80.2483008190184,residential
Beerkaran Street,13.0496154,80.25277045,residential
Cathedral Road,13.050809454878353,80.25216983574234,primary
Bishop Wallers East Av,13.044071448871762,80.26138765500994,residential
Sivaswamy Salai,13.0446296,80.26356485,tertiary
"['P. S. Sivasamy Street', 'Radhakrishnan Salai 6th Street']",13.045274300230954,80.26398267094571,residential
Dr Radhakrishnan Salai,13.044656377895498,80.26429111501317,primary
Cathedral Road,13.046248850000001,80.25603015,primary
Kasturi Rangan Road,13.04614495,80.2564711,residential
Kasturi Rangan Road,13.04531022680003,80.25636066663333,residential
Wallace Garden 2nd Street,13.0607123,80.24801740000001,residential
Jagannathan Road,13.06184895,80.2454406,residential
"['Uttamar Gandhi Salai (Nungambakkam High Road)', 'Uttamar Gandhi Salai']",13.061732770295094,80.24629520686076,primary
Haddows Road,13.067796870313474,80.24786889974652,primary
College Road,13.067650232981421,80.249820808322,secondary
Subba Rao Avenue,13.066553006363675,80.24443501657173,residential
College Road,13.067106172071979,80.24616818307426,primary
College Road,13.06733505,80.25204335000001,secondary
Anderson Road,13.0630557,80.25438645,residential
Greams Road,13.062640325469118,80.25441887389496,tertiary
Greams Road,13.06131235,80.25451165,tertiary
Greams Lane,13.0616077,80.25450144999999,residential
Sardar Patel Road,13.006773200000001,80.24751015,primary
Rajiv Gandhi Salai,13.0067105028403,80.24739972827722,primary
Kasturibai Nagar 3rd Cross Street,13.006725449999998,80.25164345,tertiary
Sardar Patel Road,13.006674249397403,80.25211718724479,primary
2nd Cross Street,13.0066597,80.2544157,residential
Sardar Patel Road,13.006625084504405,80.25511843340465,primary
Sardar Patel Road,13.0067089,80.25738575,primary
Durgabai Deshmukh Road,13.008753877014604,80.25902551973373,primary
Greenways Road,13.018704199999998,80.2611679,tertiary
Durgabai Deshmukh Road,13.018819103803354,80.2613825954394,primary
1st Link Street,13.039422622132808,80.26020570312849,residential
Musiri Subramanium Road,13.039105493922893,80.26080760666157,secondary
Musiri Subramanium Road,13.039764311277896,80.26397564500182,secondary
Karpagambal Nagar Road,13.040523205285012,80.2646118691394,secondary
Veeraperumal Koil Street,13.039978119737452,80.26478976861013,residential
Musiri Subramanium Road,13.0376225,80.2643793,secondary
Luz Church Road,13.037599549999998,80.26433825000001,secondary
Luz Church Road,13.0382939,80.25949075,secondary
Luz 1st Street,13.0380601,80.26056879999999,residential
Luz Church Road,13.037942950000001,80.26022309999999,secondary
d'Silva Road,13.037313102045445,80.26035494805407,tertiary
Luz Church Road,13.03762125,80.2640465,secondary
Luz Church Road,13.03762695,80.26421024999999,secondary
Luz Church Lane,13.037873443997965,80.26368063565036,residential
"['Kutchery Road', 'Sullivan Garden Road']",13.03684548078827,80.26776421194425,secondary
Kutchery Road,13.035317588550507,80.27038437132202,secondary
Kutchery Road,13.03577096176977,80.26975843248084,secondary
Mathala Narayanan Street,13.03463325,80.27147015,residential
Kutchery Road,13.03490601382165,80.27108697198224,secondary
Durgabai Deshmukh Road,13.019339189470985,80.26184254659152,primary
RK Mutt Road,13.02052165,80.2627562,secondary
Kuttigramani Street,13.020423048758072,80.26214177730945,residential
Broadie's Castle Road,13.020324424025732,80.26285330985625,primary
Thiruvengadam Street,13.0241928,80.26413615,residential
RK Mutt Road,13.024516401473086,80.26469081157487,secondary
Venkatakrishna Iyer Road,13.026325144619426,80.26559752608595,secondary
RK Mutt Road,13.026050908919661,80.26585255517752,secondary
RK Mutt Road,13.0291534,80.2665297,secondary
Mandaveli Road,13.029218400000001,80.2665238,tertiary
Mandaveli Road,13.02923775,80.2667041,tertiary
Vedanta Desikar Street,13.03511395,80.26877429999999,residential
Ramkrishna Mutt Road,13.034904606756415,80.26802349012574,secondary
Sullivan Garden Road,13.04000105,80.2678852,secondary
Veeraperumal Koil Street,13.039627518255676,80.26740819922112,residential
Balakrishna Road,13.041334299999997,80.2689279,residential
Thiruvika Salai,13.041123745312218,80.26825518675062,secondary
Brindavan Street,13.041887899999999,80.2687233,residential
Thiruvika Salai,13.041615649644838,80.26826377773773,secondary
Royapettah High Road,13.051568565192229,80.26397367469691,secondary
Pilot Lane,13.050896405167283,80.2633887129185,living_street
Kasim Street,13.05272315,80.2645023,residential
Royapettah High Road,13.052624900000001,80.2638423,secondary
Woods Road,13.061228284262091,80.26502313765857,residential
General Patters Road,13.061786674932396,80.26593301756395,secondary
Burrah Sahib Street,13.06272495,80.2671508,residential
General Patters Road,13.062855299999999,80.26716400000001,secondary
Bharathi Salai,13.05829805,80.26543725,tertiary
General Patters Road,13.05969808904617,80.2654588023097,secondary
Bharathi Salai,13.058559,80.2683823,tertiary
Bharathi Salai,13.058620711955367,80.26909145601952,tertiary
"['Thalayari Street', 'Perumal Mudali Street']",13.057836174701022,80.2679717723938,residential
Bharathi Salai,13.05890905,80.27056984999999,tertiary
Bharathi Salai,13.058737050000001,80.2699469,tertiary
Bharathi Salai,13.059194300000001,80.271304,tertiary
Bharathi Salai,13.059080650000002,80.2710721,tertiary
Bharathi Salai,13.05927125,80.27148525,tertiary
Bharathi Salai,13.059194300000001,80.271304,tertiary
Fakir Sahib Street,13.05936815,80.2714475,residential
Veera Raghava Mudali Street,13.058495350000001,80.27569095,residential
Bharathi Salai,13.0586103,80.27602905,tertiary
Bharathi Salai,13.0587305,80.2753956,tertiary
Veeraraghava Street (Big St),13.059206114572056,80.2757342084901,residential
Bharathi Salai,13.0584498,80.2765243,tertiary
Bharathi Salai,13.0586103,80.27602905,tertiary
Anna Salai (Mount Road),13.055153603214602,80.25473669759953,primary
Aziz Muluk 4th Street,13.055093677160166,80.25421806677879,residential
Peters Road,13.053429099999999,80.26908655,secondary
Bakshi Ali Street,13.054426440375634,80.26904802552295,residential
Peters Road,13.053461827960923,80.26866757326793,secondary
Peters Road,13.05323925,80.2713411,secondary
Peters Road,13.053261,80.27116620000002,secondary
Gazatte Begum Street,13.0534424,80.27229435000001,living_street
Peters Road,13.053077300000002,80.27228215,secondary
Peters Road,13.05310585,80.27211445,secondary
Peters Road,13.052819900000001,80.27355865000001,secondary
Triplicane High Road,13.052941931632539,80.2737213552551,secondary
Besant Road,13.052553672680812,80.27441972116627,secondary
Dr Natesan Road,13.05250301963884,80.27385423708493,secondary
Besant Road,13.0521694,80.2755365,secondary
Besant Road,13.052282799999999,80.2752462,secondary
Irusappa Gramani Street,13.051803750000001,80.27524439999999,tertiary
Gajapathy Lala Street,13.051783938073905,80.27572011098259,residential
T. P. Koil Street,13.052631123031407,80.27551166287537,residential
Besant Road,13.050543349999998,80.27999985,secondary
Besant Road,13.050560574467191,80.27973204623355,secondary
Kamarajar Salai,13.0504243,80.28074765,primary
Besant Road,13.05019422770242,80.28047454799247,secondary
Besant Road,13.0507411,80.28073265,secondary
TTK Road,13.04508283065959,80.25985521411106,secondary
Dewan Sahib Garden Street,13.04761255,80.2610353,residential
TTK Road,13.04737515,80.2611118,secondary
TTK Road,13.047895449999999,80.26143429999999,secondary
TTK Road,13.047895449999999,80.26143429999999,secondary
Goudia Mutt Road,13.048517320233888,80.2617612012422,secondary
Avvai Shanmugam Salai,13.04808739973734,80.26267102875104,secondary
Avvai Shanmugam Salai,13.048397787292132,80.26097882318616,secondary
Goudia Mutt Road,13.0504505,80.2623691,secondary
Thandavarayan Street,13.050195697754964,80.26209702946163,residential
Goudia Mutt Road,13.05088425,80.26256515,secondary
Goudia Mutt Road,13.0510722,80.26272055,secondary
Pilot Lane,13.050896405167284,80.2633887129185,living_street
Ganapathy Colony 1st Street,13.051064406851458,80.26246240114713,residential
Royapettah High Road,13.05232795862036,80.26378664715469,secondary
Avvai Shanmugam Salai,13.0462357,80.2801985,tertiary
Kamarajar Salai,13.047174250000001,80.2802687,primary
Avvai Shanmugam Salai,13.04632842209413,80.27941973090905,tertiary
2nd Street,13.0496612,80.256516,residential
Avvai Shanmugam Salai,13.05008935,80.25664495000001,tertiary
Avvai Shanmugam Salai,13.050139399999999,80.25656244999999,tertiary
Ramaswamy Street,13.048537003571907,80.25853664740671,residential
Avvai Shanmugam Salai,13.049064032445704,80.25888424574754,secondary
Avvai Shanmugam Salai,13.049198321935728,80.25843697382626,secondary
Dr Natesan Road,13.0470184,80.2745831,secondary
Avvai Shanmugam Salai,13.0469134,80.27476300000001,tertiary
Avvai Shanmugam Salai,13.046984349999999,80.27428865,tertiary
Dr Natesan Road,13.046704305095668,80.27454556226382,secondary
Foreshore Estate Link,13.022953634081214,80.2782680853354,tertiary
Foreshore Estate Link,13.022329195417624,80.27751361182253,tertiary
10th Street,13.02932605,80.2438904,residential
Pasumpon Muthuramalingar Thevar Salai (Chamiers Road),13.029740209634943,80.2430300571511,secondary
RA Puram 2nd Main Road,13.0271469,80.25424125,secondary
RA Puram 2nd Main Road,13.027138350094752,80.25395813633178,secondary
RA Puram 2nd Main Road,13.027094850000001,80.25629085,secondary
RA Puram 3rd Cross Street,13.0264554,80.2570041,tertiary
RA Puram 2nd Main Road,13.027097754414857,80.2568921652363,secondary
RA Puram 2nd Main Road,13.02707805,80.2589087,secondary
Canal Bank Road,13.027469050000002,80.26008459999998,residential
"['RA Puram 2nd Main Road', 'Venkatakrishna Road']",13.027038010174346,80.2602584101161,secondary
Canal Bank Road,13.026730881561383,80.25981209431365,residential
Venkatakrishna Road,13.0268975,80.26111405,secondary
Sringeri Mutt Road,13.027378638703018,80.2606571495759,tertiary
Sringeri Mutt Road,13.026202293202616,80.26021440611714,tertiary
"['RA Puram 2nd Main Road', 'Venkatakrishna Road']",13.027038010174346,80.2602584101161,secondary
Venkatakrishna Road,13.0268177,80.2618339,secondary
Venkatakrishna Road,13.0268975,80.26111405,secondary
2nd Main Road,13.026332212205812,80.26147749153982,residential
Jeth Nagar Main Road,13.027235878136679,80.26174891277894,residential
Devanathan Street,13.0270078,80.26344935,secondary
Venkatakrishna Road,13.026671,80.26290230000001,secondary
Norton Road,13.024745080823582,80.26745560053644,residential
Norton Road,13.025514134132807,80.26793625405396,residential
South Canal Bank Road,13.025081057660483,80.2682026292248,tertiary
South Canal Bank Road,13.025289306073809,80.26746657096336,tertiary
St. Mary's Road,13.02941965,80.263936,secondary
St. Mary's Road,13.02938835,80.2641806,secondary
St. Mary's Road,13.029273359498086,80.26601970132675,secondary
Shivaraman Street,13.028221442959698,80.26546739501028,"['living_street', 'residential']"
Moore Road,13.066444821681886,80.25380012706826,residential
Ethiraj Salai,13.067379650000001,80.25481475000001,secondary
Ethiraj Salai,13.0672803,80.25490145,secondary
"['College Bridge', 'Pantheon Road']",13.067091342568828,80.25456652869399,secondary
Arunachalam Street,13.07590205,80.267678,secondary
Arunachalam Street,13.076107,80.26678789999998,secondary
Swami Naicken Street,13.07553725,80.27028795,residential
Arunachalam Street,13.07517355,80.27046865,secondary
Arunachalam Street,13.0752982,80.26996285,secondary
Deputy Mayor Kabalamurthy Road,13.072020805911661,80.27416946100973,secondary
Deputy Mayor Kabalamurthy Road,13.0724009539098,80.27387770993273,secondary
Theradi Street,12.9854467,80.2234945,residential
"['East Mada Street', 'Theradi Street']",12.98536379139369,80.22402461632213,residential
Velachery Main Road,12.9760408,80.22136805,secondary
Taramani Link Road,12.976540158332547,80.22204776635223,primary
Velachery Main Road,12.976548376289099,80.22122669411695,secondary
Anna Flyover,13.050573868602577,80.25001320049763,primary
Habibullah Road,13.04847925,80.24568550000001,residential
Habibullah Road,13.0482416,80.2458862,residential
Gopathi Narayanaswami Road,13.048455313397323,80.24606504656806,secondary
Maharajapuram Santhanam Salai,13.04266895,80.23233379999999,residential
Maharajapuram Santhanam Salai,13.0427774,80.2314605,residential
North Usman Road,13.043057325544694,80.23227119035488,tertiary
Bazullah Road,13.047378649999999,80.23334905,secondary
Bazullah Road,13.0474244,80.23302095,tertiary
North Usman Road,13.04700455,80.23298754999999,secondary
Corporation School Road,13.057382408907785,80.23749324836497,residential
Pushpa Nagar Main Road,13.05810025603871,80.23763982997485,residential
Mahalingapuram Main Road,13.057952637258186,80.23715825473343,secondary
Mahalakshmi 1st Cross Road,13.0594451,80.2375677,living_street
Mahalingapuram Main Road,13.0593145,80.2373709,secondary
Rajaji 2nd Street,13.060052050000001,80.23763550000001,residential
Mahalingapuram Main Road,13.059800849999998,80.2374396,secondary
Nelson Manickam Road,13.066617812219464,80.230742560245,secondary
Choolaimedu High Road,13.0662133549695,80.23129508408287,tertiary
Nelson Manickam Road,13.06717287404829,80.22779074434473,secondary
Vada Agaram Road,13.06814425,80.2265414,tertiary
Nelson Manickam Road,13.0682937,80.22628805,secondary
Vada Agaram Road,13.067478800500584,80.22598313720799,tertiary
Turnbulls Road,13.02953835,80.24576160000001,tertiary
Pasumpon Muthuramalingar Thevar Salai,13.02955725,80.24570745,secondary
Pasumpon Muthuramalingar Thevar Salai,13.029459934405441,80.24639211957927,secondary
Ponniamman Koil Road,13.0181327,80.2411328,tertiary
Gandhi Mandapam Road,13.01852625,80.24120980000001,secondary
Ranjith Road,13.018544401516634,80.23989529070859,residential
"['Turnbulls Road', 'Kotturpuram Bridge', 'Gandhi Mandapam Road']",13.026099640530898,80.24381760991389,secondary
Turnbulls 1st Main Road,13.027687773428566,80.24605566749506,tertiary
Turnbulls Road,13.02756099782755,80.24527459303677,tertiary
Greenways Road,13.018667149999999,80.26037529999999,tertiary
Greenways Road,13.0186875,80.26094475,tertiary
Greenways Road,13.0186341,80.25831855,tertiary
PS Kumarasamy Raja Road,13.018951114571273,80.25706700033663,tertiary
East Avenue,13.0203401,80.25484829999999,residential
PS Kumarasamy Raja Road,13.01995665,80.25489859999999,tertiary
"['Greenways Road', 'PS Kumarasamy Raja Road']",13.020246458646561,80.2539062607193,tertiary
South Kesawapuram Street,13.020250551047969,80.25293427643304,residential
Greenways Road,13.021083241509322,80.25299591265231,tertiary
"['Greenways Road', 'PS Kumarasamy Raja Road']",13.02024645864656,80.25390626071929,tertiary
Pughs Road,13.02442235,80.25261025,residential
Pasumpon Muthuramalingar Thevar Salai,13.024895040238071,80.25286013404181,tertiary
Chamiers Road,13.023631572259323,80.25275733389121,tertiary
1st Main Road,13.02718745,80.25378755,tertiary
Pasumpon Muthuramalingar Thevar Salai,13.027452663634797,80.25265437491016,secondary
Chamiers Road,13.026576733911728,80.25357014081254,tertiary
Broadie's Castle Road,13.019622142425218,80.26298438535598,primary
DGS Dhinakaran Road,13.018865400000001,80.26236745,primary
Srinivasa Road,13.02222615,80.26060875,tertiary
2nd Main Road,13.0227157,80.26038425,residential
Srinivasa Road,13.0216469,80.26250375000001,tertiary
2nd Cross Street,13.02156385,80.26186369999999,residential
School View Road,13.02224628552434,80.26210002083107,residential
East Coast Road,12.981879906587078,80.25931452539788,primary
Rajaji Nagar Main Road,12.978871500000002,80.25883105,residential
East Coast Road,12.979792769354992,80.2591583974491,primary
East Coast Road,12.972795699999999,80.2580882,primary
Taramani Link Road,12.98129685,80.24335685,primary
Taramani Link Road,12.980962144640198,80.24646652590988,primary
MGR Nagara Main Road,12.980517516775315,80.24946394728461,residential
Rajiv Gandhi IT Expressway,12.979942049999998,80.25260935,primary
Taramani Link Road,12.979946049999999,80.25238974999999,primary
Taramani Road,12.98629721506305,80.24743999631286,tertiary
Natesan Street,13.036106549999998,80.2301668,residential
South Usman Road,13.0363903,80.23056425,tertiary
South Usman Road,13.034943749999998,80.23038754999999,secondary
Burkit Road,13.034841791722124,80.23176392536213,secondary
New Boag Road,13.030768949999999,80.23070725,secondary
South West Boag Road,13.030991,80.2318416,tertiary
CIT Nagar 1st Main Road,13.030481649999999,80.23077380000001,secondary
1st Main Road,13.027003393598818,80.23112765537572,secondary
Anna Salai (Mount Road),13.02636533743044,80.2322021124751,primary
3rd Main Road,13.0281011,80.23281695,tertiary
3rd Main Road,13.027767644419532,80.23284538516491,secondary
4th Main Road,13.02803938647481,80.23340061548811,residential
3rd Main Road,13.0268745,80.2329788,secondary
Rajaji Salai,13.0888819,80.29037775,primary
Rajaji Salai,13.091360462704618,80.29126413968193,primary
Rajaji Salai,13.0929023930654,80.2917653361234,primary
Mukaranalla Muthu Street,13.092271210980924,80.29122504227982,residential
Jafer Serang Street,13.097511155009567,80.29285520147437,residential
Rajaji Salai,13.097478349161314,80.293262740761,primary
North Terminus Road,13.106068440505075,80.29250975141116,primary
Netaji Subhash Chandra Bose Road,13.0886675,80.28803045000001,secondary
Armenian Street,13.08960838459129,80.28782516146049,residential
Mint Street,13.08993765,80.2789899,residential
Netaji Subhash Chandra Bose Road,13.089680764919544,80.27859169616278,tertiary
Netaji Subhash Chandra Bose Road,13.09046605,80.27717995,tertiary
General Muthiah Street,13.09127102037839,80.27750926623465,residential
Netaji Subhash Chandra Bose Road,13.090985199999999,80.27635155,tertiary
Bad Garden Street,13.090595850000001,80.2763917,living_street
Kalathi Naickeni Street,13.091543343937342,80.27673452365154,residential
Wall Tax Road,13.09147535,80.27520535,primary
Netaji Subhash Chandra Bose Road,13.091416299999999,80.27523769999999,tertiary
Rasappa Chetty Street,13.08612185,80.2788291,tertiary
Rasappa Chetty Street,13.086040449999999,80.2794136,tertiary
Nyniappa Naicken Street,13.085826399999998,80.2792052,residential
Rasappa Chetty Street,13.08619595,80.27823294999999,tertiary
Rasappa Chetty Street,13.08612185,80.2788291,tertiary
South Mint Street,13.08644855,80.27848614999999,residential
Rasappa Chetty Street,13.0864023,80.2771001,tertiary
Rasappa Chetty Street,13.0863343,80.27747715000001,tertiary
Anna Pillai Street,13.095470850000002,80.27559715000001,residential
Wall Tax Road,13.094821549999999,80.2752597,primary
Canal Street,13.108159973542582,80.27190955700004,residential
Cochrane Basin Road,13.1077936492462,80.27250187677299,secondary
Cochrane Basin Road,13.10671975151778,80.27242351728815,secondary
Enmore High Road,13.1191661,80.27648350000001,secondary
Enmore High Road,13.1189491,80.27642915000001,secondary
2nd Lane,13.119153845939264,80.27592258621043,residential
Enmore High Road,13.120165367871918,80.27671910819579,secondary
Ennore High Road,13.12884795,80.27878050000001,secondary
Vaidhyanathan Street,13.1286499,80.27874635,secondary
Kathivakkam High Road,13.128576796914036,80.27869197199654,secondary
Vaidhyanathan Street,13.12838185,80.2850111,secondary
Vaidhyanathan Street,13.12811426977332,80.28690285006398,secondary
Elaya Mudali Street,13.127678117073108,80.28487583316097,residential
Elaya Mudali Street,13.129382867985338,80.28519130563491,residential
Elaya Mudali Street,13.125601549999999,80.28438249999999,residential
Elaya Mudali Street,13.126366010090122,80.28458085424684,residential
Rettaikuzhy Street,13.124081950000003,80.2842197,residential
Elaya Mudali Street,13.12397525,80.28373830000001,residential
Elaya Mudali Street,13.124784284761681,80.28415239525945,residential
Thiruvottriyur High Road,13.123381049999999,80.28767445,secondary
Rettaikuzhy Street,13.123379150000002,80.28741465,residential
Thiruvottriyur High Road,13.123084872351718,80.28748004856894,secondary
Anna Salai,13.07395085,80.2766833,primary
Pallavan Salai,13.0737028,80.27654215000001,secondary
Pallavan Salai,13.075689140515921,80.27638032485444,secondary
Elephant Gate Road,13.092286149999998,80.27551679999999,residential
Wall Tax Road,13.0918671,80.27528390000002,primary
Mint Street,13.104383553672555,80.27997033461031,tertiary
Mint Street,13.10548010023254,80.27993370113748,tertiary
Saravana Street,13.103431200000001,80.27975605,residential
Mint Street,13.103369149999999,80.27998165,tertiary
Mint Street,13.104383553672555,80.27997033461031,tertiary
Peddu Street,13.102196450000001,80.279738,residential
Mint Street,13.101717564157504,80.27997082457244,tertiary
Mint Street,13.102267548853703,80.2799645493089,tertiary
Kuppier Street,13.1007564,80.27984319999999,residential
Xaviers Street,13.100747000000002,80.28020194999999,residential
Mint Street,13.10100045,80.279997,tertiary
Mint Street,13.099660131804011,80.28007409989519,tertiary
Amman Koil Street,13.09859475,80.27991990000001,residential
Mint Street,13.098440100000001,80.28005974999999,tertiary
Mint Street,13.099660131804011,80.2800740998952,tertiary
Thatha Muthiappan Street,13.095124100000001,80.28015415,residential
Mint Street,13.094763449999997,80.27972595000001,tertiary
Mint Street,13.095578249999999,80.2798611,tertiary
Anna Pillai Street,13.094320849999999,80.27983415,residential
Anna Pillai Street,13.094411699999998,80.27946725000001,residential
Mint Street,13.094763449999997,80.27972595000001,tertiary
Mint Street,13.093572024922677,80.27952121259996,tertiary
Audiappa Naicken Street,13.0928074,80.27916594999999,tertiary
Mint Street,13.093572024922677,80.27952121259996,tertiary
Mint Street,13.092372349999998,80.27937545,residential
Esplanade,13.08842955,80.28533250000001,secondary
Netaji Subhash Chandra Bose Road,13.088481900000001,80.28545,secondary
Broadway Road,13.089070408606455,80.28537919671513,secondary
Broadway Road,13.091044049999999,80.2857145,secondary
Broadway Road,13.091381250000001,80.2857849,secondary
Audiappa Naicken Street,13.091385776638738,80.28552001088445,tertiary
Rasappa Chetty Street,13.08586105,80.28085010000001,tertiary
Evening Bazaar Road,13.08537726632027,80.27993789231012,secondary
Frazer Bridge Road,13.085640023539323,80.28221935888712,tertiary
South Mint Street,13.08576325,80.27837494999999,residential
Peddu Street,13.0852645100684,80.27870801401872,living_street
South Mint Street,13.0838209,80.27811195000001,residential
South Mint Street,13.083483850000002,80.2781066,residential
Memorial Hall Road,13.083516098912789,80.27853942276508,secondary
Netaji Subhash Chandra Bose Road,13.08865895,80.28135485,tertiary
Netaji Subhash Chandra Bose Road,13.088581043480186,80.2817337660385,secondary
Subbarayan Nagar,13.042308850000001,80.25010435,residential
Poes Main Road,13.04174411113544,80.25014074066922,residential
Subbarayan Nagar,13.04232265,80.24977065,residential
Subbarayan Nagar,13.04232637650182,80.24917021884201,residential
Subbarayan Nagar,13.04241188213214,80.24812819741773,residential
Anna Salai (Mount Road),13.04223253500098,80.24759047872051,primary
3rd Street,13.041458100421512,80.25147813512432,residential
Poes Road,13.041923200000001,80.25195289999999,residential
Poes Road,13.042041000000001,80.25195210000001,residential
"['Nallan Street', '4th Street']",13.042007942662897,80.25114795033977,"['living_street', 'residential']"
Poes Garden,13.042746099999999,80.25429005000001,residential
Kasturi Estate 1st Street,13.0423143579121,80.25533332380083,residential
Poes Garden,13.043417349999997,80.25428095000001,residential
Poes Garden,13.0432041,80.25431935,residential
Poes Garden,13.043417349999997,80.25428095000001,residential
Poes Garden,13.04347655,80.2540673,residential
Poes Garden,13.04369265022021,80.25423648428702,residential
Kasturi Estate 2nd Street,13.0446407,80.2546546,residential
Binny Road,13.04567745,80.2545495,residential
Poes Garden,13.044286350089074,80.25424934651583,residential
Binny Road,13.04567745,80.2545495,residential
Binny Road,13.04673835,80.25485965,residential
Cathedral Road,13.047544135169673,80.25421111230433,primary
Kasturi Estate 2nd Street,13.044514549999999,80.2561868,residential
Parthasarathy Garden,13.0445213,80.256804,residential
Kasturi Rangan Road,13.04531022680003,80.25636066663333,residential
Kasturi Rangan Road,13.04389128315515,80.25642131951574,residential
Kasturi Estate 2nd Street,13.044571900000001,80.2553332,residential
Kasturi Estate 2nd Street,13.0446407,80.2546546,residential
Kasturi Estate 3rd Street,13.04550265,80.25532945,residential
Kasturi Estate 3rd Street,13.04550265,80.25532945,residential
Cathedral Road,13.0465394,80.25522434999999,primary
JJ Road,13.04301785,80.25951219999999,residential
TTK Road,13.041915883957879,80.25906404620471,secondary
Poes Garden,13.04376125,80.2524478,residential
Poes Garden,13.043405640014042,80.25289629643595,residential
Burkit Road,13.03417465,80.23705845,secondary
Burkit Road,13.034319190644691,80.23734967883382,secondary
Dr Nair Road,13.043328849999998,80.24089964999999,secondary
Vijayaraghava Road,13.043836082912774,80.24168644715823,tertiary
Dr Nair Road,13.04421405398935,80.24081385611,secondary
Dr MGR Salai,13.052428151150409,80.240944862333,primary
Thirumalai Road,13.052190480867306,80.24089056314362,secondary
Valluvar Kottam High Road,13.056210700000001,80.24252155,secondary
Valluvar Kottam High Road,13.057532942848066,80.24277546340163,secondary
Tank Bund Road,13.058515156667196,80.24047724075172,secondary
Pushpa Nagar Main Road,13.058102206968702,80.24040584762119,residential
Cenotaph 2nd Lane,13.0317172,80.24617645000001,residential
Cenotaph Road,13.03168325,80.24587174999999,secondary
Cenotaph Road,13.032488649999998,80.24592195,secondary
Chitranjan Road,13.033139454263578,80.24713367113432,tertiary
Cenotaph Road,13.033761049999999,80.2459259,secondary
Cenotaph 1st Street,13.034239212590366,80.24624114421248,tertiary
Dhandapani Street,13.034890149999999,80.2335017,residential
Burkit Road,13.034638750000001,80.23329525,secondary
Burkit Road,13.034397864350463,80.2352201236194,secondary
Doctor Shivaji Ganesan Road,13.043710050000001,80.2446605,tertiary
Vijayaraghava Road,13.043478904140036,80.24398430815535,tertiary
Vijayaraghavachari Road,13.04330478342065,80.24505292291946,tertiary
Narasimman 1st Street,13.04734385,80.245641,residential
Doctor Shivaji Ganesan Road,13.047651136964676,80.24538101646623,tertiary
Habibullah Road,13.04847925,80.24568550000001,residential
Habibullah Road,13.04884730914685,80.24518302255187,residential
Prakasam Street,13.049433006659996,80.24553975723403,residential
Habibullah Road,13.0498376,80.2397626,residential
Habibullah Road,13.0497359,80.24030975,residential
Thirumalai Pillai Road,13.050118499999998,80.24034275,secondary
Habibullah Road,13.0506025,80.2355809,residential
Periyar Road,13.05102605,80.235413,residential
Habibullah Road,13.050783205561519,80.23458951245448,residential
Periyar Road,13.05324805,80.2361013,residential
Dr MGR Salai,13.053574292197633,80.23543165623589,primary
Dharmapuram Main Road,13.053120849999999,80.2377118,residential
Dr MGR Salai,13.053267071471863,80.23710012868533,primary
Kodambakkam Railway Flyover,13.053834549999998,80.2340811,primary
Mamabalam Highway,13.053825371033597,80.23358912248018,tertiary
Kodambakkam Railway Flyover,13.054002950000001,80.2281263,primary
Kodambakkam Railway Flyover,13.054058789560978,80.23114024277443,primary
Anna Main Road,13.0529985,80.22402005000001,tertiary
Anna Main Road,13.05338205,80.2241011,tertiary
Nagerkoyil Sudalaimuthu Krishnan (NSK) Salai,13.053440501131227,80.22466138598237,"['primary', 'primary_link']"
Rangarajapuram Main Road,13.052374300757664,80.22185002088533,tertiary
Palayakaran Street,13.051783599999998,80.2189884,residential
Palayakaran Street,13.05202955,80.21898905,residential
Nagerkoyil Sudalaimuthu Krishnan (NSK) Salai,13.051983,80.2191083,primary
Nagerkoyil Sudalaimuthu Krishnan (NSK) Salai,13.0515366,80.21781555,primary
VOC 1st Main Road,13.05114205,80.21765405,residential
Kodambakkam – Sriperumbudur Road,13.034705099999998,80.156023,primary
Mount Poonamallee Highway,13.03470295,80.15626335,tertiary
Kodambakkam – Sriperumbudur Road,13.03356755,80.155157,primary
Vanniyar Street,13.033634298847808,80.1556123795802,residential
Kodambakkam – Sriperumbudur Road,13.03178085,80.15367115,primary
Kodambakkam – Sriperumbudur Road,13.02245585,80.14599205,primary
Arcot Road,13.047774050000001,80.203546,primary
Arcot Road,13.047438805065672,80.19507262603403,primary
"kamarajar Salai, AVM Avenue 1st Main Road",13.0466973,80.18934725,tertiary
Arcot Road,13.046533921846423,80.18952927513855,primary
Arcot Road,13.04637278932789,80.18885392811828,primary
First Main Road,13.0454754,80.1868058,residential
First Main Road,13.045767209839731,80.1867632475123,residential
Arcot Road,13.045718281869068,80.18711407781686,primary
Thiruvalluvar Salai,13.044886949999997,80.18599995,secondary
Arcot Road,13.045211589869886,80.18640291037613,primary
Radhakrishna Salai,13.043463500930375,80.18219390508328,tertiary
Arcot Road,13.043248663082178,80.18234364250328,primary
Arcot Road,13.042329071997006,80.18065397204181,primary
Arcot Road,13.042063200256315,80.1776222314438,primary
Arcot Road,13.041101099999999,80.17338925,primary
Arcot Road,13.040941700000001,80.17291374999999,primary
Arcot Road,13.039503404544918,80.17005649739141,primary
Arcot Road,13.038328175679192,80.16504696296579,primary
Arcot Road,13.038244778215986,80.16372945653845,primary
Arcot Road,13.038064649999999,80.16275115,primary
Alapakkam Main Road,13.03830975,80.1626588,secondary
Rajeswari Nagar Main Road,13.03778315,80.1595187,residential
Arcot Road,13.037648276639688,80.16011370340517,primary
Arcot Road,13.037001881074488,80.15825257265296,primary
"['Dr MGR Salai', 'Doctor M.G.R. Salai']",13.052708213438585,80.24434721461029,primary
Mayor Sundar Rao Street,13.049555,80.2476185,tertiary
Gopathi Narayanaswami Road,13.05009281102555,80.24823471698937,secondary
Cathedral Garden Road,13.051831203258438,80.24859388952927,tertiary
"['Uttamar Gandhi Salai (Nungambakkam High Road)', 'Doctor M.G.R. Salai']",13.05332431039507,80.24973874854658,primary
Babu Street,13.0493156,80.2500919,residential
Anna Salai (Mount Road),13.04907145,80.24977495,primary
Anna Salai,13.04954045,80.24972505,primary
Mayor Sundar Rao Street,13.049455553239945,80.24868705125034,tertiary
Uttamar Gandhi Salai,13.0519959,80.25107080000001,primary
Uttamar Gandhi Salai,13.052094472578542,80.25084573803916,primary
Anna Salai (Mount Road),13.04969515,80.2498712,primary
Eldams Road,13.038063449999997,80.2567191,secondary
Mowbrays Road,13.038344888241685,80.25698847626693,secondary
Luz Church Road,13.038748550000001,80.25752475,secondary
Musiri Subramanium Road,13.038782152036848,80.25832883152566,secondary
Musiri Subramanium Road,13.03872885,80.25924524999999,secondary
Luz Church Road,13.038640279790425,80.25858535573643,secondary
Bharathi Salai,13.058559,80.2683823,tertiary
Chinna Piliyar Koil Street,13.058983409601675,80.26865498918737,residential
Bharathi Salai,13.058388333570672,80.26739713699624,tertiary
Chinna Piliyar Koil Street,13.05952775,80.2692119,residential
Chinna Piliyar Koil Street,13.058983409601675,80.26865498918737,residential
Chinna Piliyar Koil Street,13.05952775,80.2692119,residential
Gulam Mohideen Street,13.0599562,80.26939469999999,residential
Chinna Piliyar Koil Street,13.059909706122243,80.26973074606798,residential
Chinna Piliyar Koil Street,13.06071255,80.27151745,residential
Kuppumuthu Street,13.06134045,80.27152855,residential
Chinna Piliyar Koil Street,13.060841223269653,80.27244524390913,residential
Subathral Street,13.061112449999998,80.27334955,residential
Chinna Piliyar Koil Street,13.060931418483268,80.27350795092856,residential
Chinna Piliyar Koil Street,13.060841223269653,80.27244524390913,residential
Chinna Piliyar Koil Street,13.060924199999999,80.27414759999999,residential
Chinna Piliyar Koil Street,13.060934499999998,80.2738216,residential
Chinna Piliyar Koil Street,13.060924199999999,80.27414759999999,residential
Triplicane High Road,13.06071125,80.27431594999999,secondary
Khana Bagh Street,13.060899299999997,80.27444315,residential
Triplicane High Road,13.0612514,80.27432160000001,secondary
Anna Salai (Mount Road),13.06847245,80.2717499,primary
Wallajah Road,13.0668027,80.2736567,secondary
Triplicane High Road,13.06681935,80.27371245,secondary
Triplicane High Road,13.066667249999998,80.27369635,secondary
Arunachala Acharya Street,13.065445100000002,80.2761028,residential
Wallajah Road,13.0658809,80.27596940000001,secondary
KMS Street,13.065142550000001,80.2773203,residential
Wallajah Road,13.065542024036699,80.27676910980435,secondary
Wallajah Road,13.06501848854962,80.27783811923752,secondary
Babu Jagjivanram Salai,13.064830399486228,80.27833339507983,tertiary
Babu Jagjivanram Salai,13.06316555,80.27809205,tertiary
Babu Jagjivanram Salai,13.0640316,80.2782323,tertiary
Lal Mohammed Street,13.063779403943537,80.27781079551504,residential
Babu Jagjivanram Salai,13.06316555,80.27809205,tertiary
Mosque Street,13.062551500000001,80.2777022,residential
Babu Jagjivanram Salai,13.061795033683708,80.277874786477,tertiary
Babu Jagjivanram Salai,13.06091045,80.27772535,tertiary
Parthasarathy Street,13.061050999999999,80.2775592,residential
Babu Jagjivanram Salai,13.061795033683708,80.277874786477,tertiary
Babu Jagjivanram Salai,13.05895315,80.27739505,tertiary
Sydoji Street,13.0597441,80.2772525,residential
Babu Jagjivanram Salai,13.0602508804396,80.27761327132731,tertiary
Bharathi Salai,13.058151950000001,80.27742169999999,tertiary
Babu Jagjivanram Salai,13.05895315,80.27739505,tertiary
Bharathi Salai,13.058197100000001,80.2771844,tertiary
Adams Street,13.065883314875496,80.28138845391626,residential
Wallajah Road,13.064418701628492,80.28207753554088,secondary
Kamarajar Salai,13.06793395,80.28421655,primary
Swami Sivananda Salai,13.06781550855813,80.28294289289217,tertiary
Swami Sivananda Salai,13.07157900904152,80.2748090428487,tertiary
Anna Salai (Mount Road),13.02409577357726,80.2280620754784,primary
Seshachala Mudali Street,13.023772452536354,80.22743932927487,residential
Alandur Road,13.02041405,80.2215639,tertiary
Police Lane,13.020427113182036,80.22156735489465,living_street
"['Alandur Road', 'Bazaar Road Subway', 'Bazaar Road']",13.02119179257085,80.22298657729814,tertiary
Police Lane,13.019456322804778,80.22172680275584,living_street
Alandur Road,13.0201733,80.22112530000001,tertiary
Alandur Road,13.019971838928534,80.22072608730437,tertiary
Alandur Road,13.015962149999998,80.21542675,secondary
Alandur Road,13.015070820108148,80.21485875588365,secondary
Alandur Road,13.013022420855254,80.21363657573715,secondary
Alandur Road,13.01507082010815,80.21485875588365,secondary
Alandur Road,13.00902715,80.21066795,secondary
Anna Salai (Mount Road),13.008790781271895,80.21098835829116,primary
Alandur Road,13.01065825305849,80.21194764212443,secondary
Water Works Road,13.012899312395774,80.20815229590856,secondary
Water Works Road,13.012838697399827,80.20846077092352,secondary
Alandur Road,13.013022420855256,80.21363657573717,secondary
Alandur Road,13.010658253058494,80.21194764212443,secondary
Racecourse Road,13.01018108112053,80.21588661068213,secondary
"['Anna Salai (Mount Road)', 'Guindy Bridge']",13.009522714211712,80.21347077758006,primary
Racecourse Road,13.00942405,80.21466425000001,secondary
Racecourse Road,13.005405152746173,80.2126875837362,secondary
"['Race Course Road', 'Racecourse Road']",13.00452383485147,80.21230817240227,secondary
Five Furlong Road,13.0037488,80.21203915000001,secondary
Five Furlong Road,13.002565749999999,80.21211145000001,secondary
Pillayar koil street,13.002465490057402,80.21160818487803,tertiary
Five Furlong Road,13.001708608171619,80.2126192285289,secondary
Five Furlong Road,12.9972434,80.21651,secondary
Five Furlong Road,12.99908097846683,80.21481297136711,secondary
Velachery Main Road,12.998154430901698,80.21659280005433,secondary
Triplicane High Road,13.0591031,80.2741867,secondary
Triplicane High Road,13.058288000000001,80.2740996,secondary
Bharathi Salai,13.058932800000001,80.27397705,tertiary
Bharathi Salai,13.058863257322948,80.27440451174093,tertiary
Triplicane High Road,13.059469449999998,80.274226,secondary
Abdullah Sahib Street,13.0596795,80.2737426,residential
Triplicane High Road,13.05995093484912,80.27426752812028,secondary
Triplicane High Road,13.0612514,80.27432160000001,secondary
Buchi Babu Street,13.061420848107177,80.27484548536135,residential
Triplicane High Road,13.062039406972472,80.27426351301091,secondary
Triplicane High Road,13.062523299999999,80.27420724999999,secondary
Nagappa Iyer Street,13.062403799999998,80.27410155,residential
Triplicane High Road,13.062039406972472,80.27426351301091,secondary
Chinna Thambi Street,13.0628448,80.27363915000001,residential
Triplicane High Road,13.0630954,80.27412505000001,secondary
Triplicane High Road,13.0627773,80.27416790000001,secondary
Triplicane High Road,13.0642853,80.2739391,secondary
Triplicane High Road,13.064150500000002,80.2739471,secondary
Pachiappan Street,13.064272425682107,80.27279712568125,residential
Mukutharunisa Begum Street,13.06548545,80.27363890000001,residential
Triplicane High Road,13.0655956,80.2737759,secondary
Triplicane High Road,13.06535765,80.2737989,secondary
Khana Bagh Street,13.060862499999999,80.27496239999999,residential
Buchi Babu Street,13.060718099999999,80.27505264999999,living_street
Khana Bagh Street,13.06085625,80.2753549,residential
Buchi Babu Street,13.061420848107177,80.27484548536135,residential
Veeraraghava Street (Big St),13.06097595,80.27567404999999,residential
Veeraraghava Street (Big St),13.0607317,80.27566875,residential
Khana Bagh Street,13.06085625,80.2753549,residential
Sydoji Street,13.0597402,80.2759527,residential
Veeraraghava Street (Big St),13.060168013948747,80.27569648012881,residential
Veeraraghava Street (Big St),13.059206114572056,80.2757342084901,residential
Parthasarathy Street,13.06110575,80.27593905,residential
Veeraraghava Street (Big St),13.06097595,80.27567404999999,residential
Veeraraghava Street (Big St),13.06182180041823,80.27568202280193,residential
Veeraraghava Street (Big St),13.06305325,80.2757386,residential
Veeraraghava Street (Big St),13.0627251,80.2757161,residential
Mosque Street,13.0625271,80.27597815,residential
Veeraraghava Street (Big St),13.0627251,80.2757161,residential
Veeraraghava Street (Big St),13.06182180041823,80.27568202280194,residential
Veeraraghava Street (Big St),13.0633035,80.27576945,residential
Veeraraghava Street (Big St),13.06305325,80.2757386,residential
C.N. Krishnaswamy Road,13.063405549999999,80.2754816,residential
Lal Mohammed Street,13.063502449999998,80.27607135,residential
Veeraraghava Street (Big St),13.0633035,80.27576945,residential
Arunachala Acharya Street,13.063803785525545,80.27587909713007,residential
Lal Mohammed Street,13.063502449999998,80.27607135,residential
Lal Mohammed Street,13.063672812445752,80.27657501046905,residential
Lal Mohammed Street,13.06377105,80.27731635,residential
OVM Street,13.063482249958565,80.27742535233426,residential
Lal Mohammed Street,13.063779403943537,80.27781079551504,residential
Mosque Street,13.06252845,80.2769807,residential
Mosque Street,13.062543550000001,80.27720725,residential
KMS Street,13.062333599999999,80.27699275,residential
Mosque Street,13.062543550000001,80.27720725,residential
Mosque Street,13.062551500000001,80.2777022,residential
OVM Street,13.06287495,80.2774158,residential
OVM Street,13.0618068,80.27739070000001,residential
Parthasarathy Street,13.0610679,80.27716475,residential
Parthasarathy Street,13.061050999999999,80.2775592,residential
OVM Street,13.0618068,80.27739070000001,residential
Mosque Street,13.0625271,80.27597815,residential
Mosque Street,13.062508699999999,80.27637095,residential
Begum Street,13.06229545,80.276252,residential
Parthasarathy Street,13.0611134,80.27650729999999,residential
Parthasarathy Street,13.0610967,80.2767819,residential
Ranganathan Street,13.06043425,80.2766049,residential
Begum Street,13.061224070214523,80.2765910768757,residential
Parthasarathy Street,13.0610967,80.2767819,residential
Parthasarathy Street,13.0610679,80.27716475,residential
KMS Street,13.06146915,80.27696395000001,residential
KMS Street,13.0604204,80.27697105,residential
OVM Street,13.06287495,80.2774158,residential
OVM Street,13.063482249958565,80.27742535233426,residential
Parthasarathy Street,13.06110575,80.27593905,residential
Parthasarathy Street,13.061113450000002,80.27630414999999,residential
Ayya Street,13.0604337,80.2761902,residential
Sydoji Street,13.05975795,80.27679405,residential
Sydoji Street,13.0597441,80.2772525,residential
KMS Street,13.0604204,80.27697105,residential
KMS Street,13.059054142028657,80.27687709076231,residential
Sydoji Street,13.0597501,80.2762736,residential
Sydoji Street,13.0597507,80.27648515,residential
KMS Street,13.058224450000003,80.27663774999999,residential
Bharathi Salai,13.0584498,80.2765243,tertiary
KMS Street,13.059054142028657,80.2768770907623,residential
Bharathi Salai,13.058292189937228,80.27689970915365,tertiary
KMS Street,13.05630105,80.27627615,residential
Singarachari Street,13.055925850000001,80.27665475,residential
Singarachari Street,13.056032850000003,80.27604045000001,residential
KMS Street,13.0566606,80.2763371,residential
KMS Street,13.057397663416419,80.27647455573457,residential
Sydoji Street,13.0597402,80.2759527,residential
Sydoji Street,13.0597501,80.2762736,residential
Ayya Street,13.0604337,80.2761902,residential
Sydoji Street,13.0597507,80.27648515,residential
Sydoji Street,13.05975795,80.27679405,residential
Ranganathan Street,13.06043425,80.2766049,residential
Triplicane High Road,13.058288000000001,80.2740996,secondary
Triplicane High Road,13.057608550000001,80.27402645000001,secondary
Triplicane High Road,13.056317099999998,80.2738923,secondary
Triplicane High Road,13.05610665,80.2738775,secondary
B.V. Naickan Street,13.0562309,80.27404290000001,residential
Triplicane High Road,13.0556365,80.2738363,secondary
Triplicane High Road,13.05511575,80.27380185,secondary
Triplicane High Road,13.0547364,80.2737976,secondary
Triplicane High Road,13.054136032678077,80.27376578294358,secondary
Palappan Street,13.05455465923983,80.273140099513,residential
Dr Natesan Road,13.051597509221043,80.27410609018276,secondary
Dr Natesan Road,13.051095128252545,80.27421807325922,secondary
Elephant Tank 6th Street,13.051410861758441,80.27362857464242,residential
Dr Natesan Road,13.050759299999998,80.274283,secondary
Dr Natesan Road,13.05048315,80.27432855,secondary
Muthiah Mudali Street,13.050688950000001,80.27389389999999,residential
Dr Natesan Road,13.04894945,80.27460395,secondary
East Depot Street,13.0489457,80.2743193,residential
Dr Natesan Road,13.049484710780781,80.2744701579235,secondary
Irusappa Gramani Street,13.04952323587735,80.27469463968004,tertiary
Dr Natesan Road,13.045697,80.2743778,secondary
Dr Natesan Road,13.046109550721388,80.2744513960214,secondary
Dr Radhakrishnan Salai,13.0434257,80.27400854999999,primary
Dr Natesan Road,13.04339595,80.27432475,secondary
PVK Koil Street,13.042978356985657,80.27438422192354,tertiary
PVK Koil Street,13.04217735,80.27448609999999,tertiary
PVK Koil Street,13.0419724,80.27446914999999,tertiary
PVK Koil Street,13.041265849999998,80.27441285,tertiary
"['PVK Koil Street', 'Barbers Bridge']",13.041582774749974,80.27443377562828,tertiary
PVK Koil Street,13.0402248,80.27432105,tertiary
Srinivasa Road,13.04068805,80.27354125,residential
PVK Koil Street,13.040871610325896,80.27440347032618,tertiary
PVK Koil Street,13.0402248,80.27432105,tertiary
Rakkiyappa Street,13.04003496752507,80.27342165285918,residential
PVK Koil Street,13.039499993165498,80.27410343945749,tertiary
Bazaar Road,13.038908500000002,80.27390614999999,tertiary
PVK Koil Street,13.039499993165498,80.27410343945749,tertiary
Paripoona Vinyagar Koil 3rd Lane,13.03907235748665,80.27438157747828,residential
Bazaar Road,13.038908500000002,80.27390614999999,tertiary
Bazaar Road,13.0384732,80.2738697,tertiary
Karaneeswarar Koil Street,13.038226850000001,80.27394065,residential
Bazaar Road,13.0384732,80.2738697,tertiary
Bazaar Road,13.038098898054514,80.27384535524308,tertiary
Bazaar Road,13.037508649999998,80.2738485,tertiary
Bazaar Lane,13.03760995,80.2733818,residential
Bazaar Road,13.037752428233999,80.27381346465911,tertiary
G.N. Chetty Street,13.037374400000001,80.27423970000001,residential
Bazaar Road,13.037508649999998,80.2738485,tertiary
Bazaar Road,13.03718765,80.27384755,tertiary
Bazaar Road,13.0368478,80.2738152,tertiary
Bazaar Road,13.036730550000001,80.2738027,tertiary
Bazaar Road,13.036441799999999,80.2737927,tertiary
Bazaar Road,13.035977800000001,80.2737738,tertiary
Paripoorna Vinayagar Koil Street,13.036219200000001,80.27368095,residential
Papanasam Sivan Salai,13.036167518086485,80.27405333072163,residential
Rosary Church Road,13.0341419,80.27419035,secondary
Devadi Street,13.034096649999999,80.27371155,tertiary
Bazaar Road,13.034999562408784,80.27374506764619,tertiary
Devadi Street,13.034096649999999,80.27371155,tertiary
Devadi Street,13.033641365004693,80.27375003036556,tertiary
Devadi Street,13.03311345,80.27386670000001,tertiary
Nadu Street,13.032899941887568,80.27369901376183,residential
Devadi Street,13.032361032360921,80.27396401230772,tertiary
Muthukrishnan Street,13.031813750000001,80.27469495,residential
Devadi Street,13.031658400000003,80.27402895,tertiary
Devadi Street,13.032361032360921,80.27396401230772,tertiary
Appu Street,13.031444,80.27405590000001,tertiary
Chitrakulam North Street,13.031504550000001,80.27380365,tertiary
Devadi Street,13.031658400000003,80.27402895,tertiary
Appu Street,13.030400100000001,80.27428945,tertiary
Appu Street,13.031007669764424,80.27414748519416,tertiary
Muthu Street,13.030614555094067,80.27477849698874,residential
Appu Street,13.030400100000001,80.27428945,tertiary
Appu Street,13.03011865,80.27435489999999,tertiary
Appu Street 1st Lane,13.0301662,80.27492649999999,residential
Appu Street,13.02983275,80.2744227,tertiary
Appu Street,13.02929135,80.27456315,tertiary
Appu 2nd Lane,13.029622902486357,80.27532956723186,residential
Foreshore Estate Link,13.0287332,80.2791403,tertiary
Foreshore Estate Link,13.0280806,80.27904724999999,tertiary
Madha Church Road,13.028210299999998,80.2789038,residential
Madha Church Road,13.028244449999999,80.278543,residential
Madha Church Road,13.028210299999998,80.2789038,residential
Madha Church Road,13.02827495,80.2782455,residential
Madha Church Road,13.028244449999999,80.278543,residential
K.S. Koil Street,13.02813095,80.27832760000001,living_street
K.S. Koil Street,13.028813485558269,80.2784196194999,residential
Custain Beach Road,13.0286383,80.27709795000001,residential
Madha Church Road,13.028556146936515,80.27672225623292,residential
Madha Church Road,13.028390814846768,80.2774857003368,residential
Thandayarajan Street,13.02898085,80.27601475,residential
Madha Church Road,13.028951184314415,80.27528720613864,tertiary
Madha Church Road,13.028704876590147,80.2761448507052,tertiary
Appu Street,13.02929135,80.27456315,tertiary
Madha Church Road,13.02892425,80.2743954,tertiary
Madha Church Road,13.028951184314415,80.27528720613863,tertiary
Periyapillai Street,13.02843845,80.27358,residential
Madha Church Road,13.028708250000001,80.2735429,tertiary
Madha Church Road,13.028792175278376,80.27387494340238,tertiary
Madha Church Road,13.02871175,80.27270425,tertiary
Madha Church Road,13.0286909,80.27315235,tertiary
New Street,13.029371781588372,80.27283730089184,residential
2nd Trust Main Road,13.0286541,80.2725059,residential
Madha Church Road,13.02871175,80.27270425,tertiary
Mandaveli Road,13.028814286014216,80.27241220467748,tertiary
Mandaveli Road,13.02913105,80.27190594999999,tertiary
Mandaveli Road,13.0289566,80.27216684999999,tertiary
Solaiappan Street,13.029331599999999,80.2717522,residential
Mandaveli Road,13.02913105,80.27190594999999,tertiary
Mandaveli Road,13.029348990769984,80.27141505247563,tertiary
Kesava Perumal East Street,13.0297415,80.27114850000001,residential
Mandaveli Road,13.029374726717004,80.27053946112513,tertiary
Mandaveli Road,13.029348990769984,80.27141505247563,tertiary
Mosque Street,13.02961775,80.26984895,residential
Mandaveli Road,13.0293302,80.26941055,tertiary
Mandaveli Road,13.0293581,80.26991455,tertiary
Mandaveli Road,13.0292842,80.26863184999999,tertiary
Mandaveli Road,13.0293302,80.26941055,tertiary
Mandaveli Road,13.029260599999999,80.26825735,tertiary
Mandaveli Road,13.0292842,80.26863184999999,tertiary
Norton Road,13.029095499999999,80.26830475,residential
Mandaveli Road,13.02923775,80.2667041,tertiary
Mandaveli Road,13.02927225,80.2670655,tertiary
Nainiappan Street,13.02948465,80.2625644,residential
St. Mary's Road,13.029738432940336,80.26220680786292,secondary
St. Mary's Road,13.029589044852298,80.26305363712551,secondary
"[""St. Mary's Road"", ""St Mary's Road""]",13.029227504001799,80.26097081360848,secondary
St. Mary's Road,13.029522975521058,80.26141737275216,secondary
Sringeri Mutt Road,13.028871770226576,80.26113433343438,tertiary
Canal Bank Road,13.02906005,80.26068205,residential
St. Mary's Road,13.02936365,80.2607617,secondary
"[""St. Mary's Road"", ""St Mary's Road""]",13.029227504001797,80.26097081360847,secondary
Subbarayan Salai,13.0297255,80.26086685,residential
St. Mary's Road,13.02936365,80.2607617,secondary
St. Mary's Road,13.029426709737523,80.26051344639912,secondary
St. Mary's Road,13.029305200000001,80.2600858,secondary
St. Mary's Road,13.029426709737521,80.26051344639912,secondary
St. Mary's Road,13.02881465,80.25784705000001,secondary
St. Mary's Road,13.028833123525287,80.25835418427059,secondary
1st Main Road,13.028389700171182,80.25792929533206,residential
CP Ramaswamy Road,13.0284727,80.25642875,secondary
St. Mary's Road,13.028869902734755,80.2571191502059,secondary
St. Mary's Road,13.028979085670494,80.25584379862828,secondary
St. Mary's Road,13.02908056343233,80.25458859831237,secondary
St. Mary's Road,13.028979085670494,80.25584379862828,secondary
Prithvi Avenue,13.029681164677891,80.25409098505645,residential
St. Mary's Road,13.02908056343233,80.25458859831237,secondary
1st Main Road,13.02863081786126,80.25392116467579,tertiary
St. Mary's Road,13.029114731112537,80.25088657181473,secondary
T T Krishnamachari Road,13.029992748148137,80.25066098266669,secondary
Muthuswamy Road,13.076288381229242,80.28377197894129,primary
Rajaji Salai,13.073928154302317,80.28555253043722,primary
Muthuswamy Road,13.073925911283283,80.2859254303859,primary
Rajaji Salai,13.074275056137356,80.28595741960083,primary
Anna Salai (Mount Road),13.0620913,80.26294075000001,primary
Binny Road,13.062941149852461,80.26207650009712,secondary
Rukmani Lakshmipathi Road,13.06390375,80.2599991,secondary_link
Ethiraj Salai,13.06399649445782,80.25971872964274,secondary
P.V Cheriyan Road,13.062995728289025,80.25820171315691,residential
Ethiraj Salai,13.064232653834308,80.25924783277293,secondary
Ethiraj Salai,13.06582600891691,80.2567200670083,secondary
Ethiraj Salai,13.06450773394135,80.25884207582438,secondary
Blackers Road,13.06817085,80.2706211,secondary
West Cooum River Road,13.06829775,80.2693962,tertiary
"['Adithanar Road', 'Harris Bridge']",13.068378062055835,80.26895168325649,secondary
C.P. Mudali Street,13.069003599999998,80.26766535,residential
C.P. Mudali Street,13.0689671,80.2673474,residential
Adithanar Road,13.068879067477663,80.2676482026242,secondary
Adithanar Road,13.06977195,80.26651945,secondary
Manickam Street,13.071925799999999,80.2640581,residential
Adithanar Road,13.071827111550434,80.26434992444896,secondary
Adithanar Road,13.07243400507906,80.26335395499912,secondary
Adithanar Road,13.072434005079058,80.26335395499912,secondary
Adithanar Road,13.072909934350605,80.26192290289232,secondary
Langs Garden Park,13.080526200000003,80.26513990000001,secondary
Halls Road,13.074732983231018,80.25751450856829,secondary
Casa Major Road,13.0710365,80.25406465,secondary
Casa Major Road,13.071103749999999,80.25399225000001,secondary
Casa Major Road,13.0708629,80.2542405,secondary
Casa Major Road,13.069773656525191,80.25522099290473,secondary
Casa Major Road,13.0715864,80.2533573,secondary
Casa Major Road,13.071941352614617,80.25293135227797,secondary
SAIT Colony 1st Street,13.072299096098524,80.25329185153613,residential
Mayor Ramanathan Road (Spur Tank Road),13.071051899999999,80.24741259999999,secondary
Mayor Ramanathan Road (Spur Tank Road),13.071485927215177,80.24884301059939,secondary
Gengu Reddy Road,13.074799550000002,80.2522329,secondary
Egmore High Road,13.074470840698883,80.25232647574622,secondary
Gengu Reddy Road,13.074920800000001,80.2522309,secondary
Gengu Reddy Subway,13.076643343472279,80.25202861885744,secondary
Egmore High Road,13.074891320299185,80.25550315259514,secondary
Gandhi Irwin Road,13.074841895939777,80.25671099965216,secondary
Gangu Reddy Road,13.0749715,80.25363415000001,residential
Egmore High Road,13.074811544395747,80.25424710691077,secondary
Egmore High Road,13.074413074563541,80.25342072801898,secondary
SAIT Colony 1st Street,13.07418465,80.2531147,residential
Egmore High Road,13.074222349999998,80.25307194999999,secondary
Egmore High Road,13.074413074563541,80.25342072801897,secondary
Gengu Reddy Road,13.073190416716345,80.25247685037375,secondary
Mayor Sathyamurthy Road,13.073728750000003,80.24739675000001,residential
Mayor Sathyamurthy Road,13.0738328611835,80.24842109261527,residential
Club Road,13.0730471,80.24733485,residential
Club Road,13.073166831278186,80.24852401013621,residential
Kenneth Lane,13.07467095,80.26276935,residential
Pantheon Road,13.073965333090172,80.26199755590909,secondary
Kenneth Lane,13.07692107374455,80.26243145032895,residential
Gandhi Irwin Road,13.077573112410395,80.2618696227489,secondary
Wallers Road,13.0695522,80.2723165,residential
Anna Salai (Mount Road),13.06972005,80.27265835,primary
Wallers Road,13.06993785,80.27122415,residential
Wallers Road,13.06988185,80.27141019999999,residential
Narasingapuram Street,13.069021224946844,80.27117100990885,residential
Hussain Sahib Street,13.07020035,80.27114315,residential
Wallers Road,13.070023299999999,80.27091025,residential
Wallers Road,13.06993785,80.27122415,residential
Meeran Sahib Street,13.0695394,80.27063525,residential
Wallers Road,13.070102,80.27056329999999,residential
Wallers Road,13.070023299999999,80.27091025,residential
Singanna Street,13.07037745,80.27041775000001,residential
Wallers Road,13.070161050000001,80.27029815,residential
Wallers Road,13.070102,80.27056329999999,residential
West Cooum River Road,13.0708393,80.26921229999999,tertiary
Wallers Road,13.070314950000002,80.26978980000001,residential
West Cooum River Road,13.070130378471422,80.26945808000426,tertiary
Wallers Road,13.06988185,80.27141019999999,residential
Wallers Road,13.06973765,80.27182314999999,residential
Ritchie Street,13.07015165,80.27152824999999,residential
Atthipattan Street,13.07029785,80.27201575000002,residential
Ritchie Street,13.07064445,80.2716856,residential
Ritchie Street,13.07015165,80.27152824999999,residential
Atthipattan Street,13.0704983,80.27143939999999,residential
Sivaprakasam Street,13.071155300000001,80.27169029999999,residential
Ritchie Street,13.070991,80.27179465,residential
Ritchie Street,13.07147184254663,80.27196264794226,residential
Singanna Street,13.070839849999999,80.27047114999999,residential
Singanna Street,13.071201049999999,80.2704905,residential
Atthipattan Street,13.07093235,80.2707091,residential
Atthipattan Street,13.071089302233984,80.27007240259773,residential
Singanna Street,13.07144345,80.27049635,residential
Singanna Street,13.0717562,80.27049385,residential
Singanna Street,13.0717562,80.27049385,residential
Singanna Street,13.072428576075243,80.27057071819021,residential
Sivaprakasam Street,13.07194769687787,80.27066805388502,residential
Singanna Street,13.073599649999998,80.27087119999999,residential
Guruvappa Street,13.07291225,80.2705622,residential
Singanna Street,13.072428576075243,80.27057071819021,residential
Singanna Street,13.074660949999998,80.27117329999999,residential
Arunachalam Street,13.0749649,80.27151165,secondary
Arunachalam Street,13.075062299999999,80.27100734999999,secondary
Singanna Street,13.076033259951542,80.27152366014295,residential
Guruvappa Street,13.073171550000001,80.2693604,residential
Guruvappa Street,13.0730482,80.26982264999998,residential
Swami Naicken Street,13.076739173990333,80.2706573396134,residential
Swami Naicken Street,13.077936513693526,80.2709765664462,residential
Guruvappa Street,13.072979800000002,80.2701264,residential
Guruvappa Street,13.0729471,80.27032715,residential
Ayya Mudali Street,13.073024649999999,80.2690677,residential
Ayya Mudali Street,13.074052,80.26932285000001,residential
Guruvappa Street,13.073306800000001,80.26884995,residential
Guruvappa Street,13.073171550000001,80.2693604,residential
Guruvappa Street,13.073306800000001,80.26884995,residential
Kalavai Street,13.073976559804567,80.2687516149762,residential
Guruvappa Street,13.073492855588984,80.26805836897813,residential
Nyniappan Street,13.0738369,80.26758805,residential
Guruvappa Street,13.073643249999998,80.2673484,residential
Guruvappa Street,13.073492855588984,80.26805836897813,residential
West Cooum River Road,13.074290946897099,80.2665443375149,tertiary
West Cooum River Road,13.073272210828732,80.26724974425511,tertiary
Guruvappa Street,13.073660898757295,80.26705753732273,residential
West Cooum River Road,13.0708393,80.26921229999999,tertiary
West Cooum River Road,13.071964548097162,80.26844679318205,tertiary
Atthipattan Street,13.071165142729749,80.26936356155419,residential
West Cooum River Road,13.0727706,80.26765785,tertiary
Palli Street,13.072617294823548,80.26837290657873,residential
West Cooum River Road,13.07196454809716,80.26844679318205,tertiary
West Cooum River Road,13.0727706,80.26765785,tertiary
West Cooum River Road,13.073272210828732,80.26724974425511,tertiary
West Cooum River Road,13.075262940524592,80.26626682291116,tertiary
West Cooum River Road,13.074290946897099,80.2665443375149,tertiary
West Cooum River Road,13.075859428967336,80.26630177192932,tertiary
West Cooum River Road,13.075262940524592,80.26626682291116,tertiary
West Cooum River Road,13.075859428967336,80.26630177192932,tertiary
"['Arunachalam Street', 'Arunachallam Street', 'St. Andrews Bridge']",13.076287208119572,80.26591477174507,secondary
West Cooum River Road,13.0772241,80.2666282,tertiary
Mangapathi Street,13.07694995,80.2669229,secondary
West Cooum River Road,13.0772241,80.2666282,tertiary
West Cooum River Road,13.077817864421828,80.26685206799554,tertiary
Mukki Amman Koil Street,13.078195149999999,80.2674061,residential
West Cooum River Road,13.078215799999999,80.26705325,tertiary
"['Dams Road', 'West Cooum River Road']",13.078541154521233,80.26723658849552,tertiary
Laffond Street,13.0775197,80.27239975,residential
Deputy Mayor Kabalamurthy Road,13.076730199701583,80.27280597710156,tertiary
Deputy Mayor Kabalamurthy Road,13.077883379231954,80.27221482302353,tertiary
Laffond Lane,13.075754946320057,80.27267949653934,residential
Deputy Mayor Kabalamurthy Road,13.074974462717424,80.27334432077332,tertiary
Deputy Mayor Kabalamurthy Road,13.076730199701585,80.27280597710156,tertiary
Atthipattan Street,13.0700517,80.27265249999999,residential
Anna Salai (Mount Road),13.070715388295525,80.27370302900749,primary
Atthipattan Street,13.07029785,80.27201575000002,residential
Atthipattan Street,13.0700517,80.27265249999999,residential
Wallers Lane,13.069883849999998,80.27231065000001,residential
Hussain Sahib Street,13.0707479,80.2712988,residential
Hussain Sahib Street,13.070490999999999,80.27124035,residential
Atthipattan Street,13.0706819,80.27109985,residential
Atthipattan Street,13.0704983,80.27143939999999,residential
Usman Khan Street,13.070895700000003,80.27097000000002,residential
Usman Khan Street,13.070678050000001,80.2709007,residential
Atthipattan Street,13.07093235,80.2707091,residential
Atthipattan Street,13.0706819,80.27109985,residential
Atthipattan Street,13.071165142729749,80.26936356155419,residential
Atthipattan Street,13.071089302233984,80.27007240259773,residential
Ayya Mudali Street,13.074052,80.26932285000001,residential
Kalavai Street,13.074781250000001,80.26896925,residential
Kalavai Street,13.0752445,80.2690989,residential
Nyniappan Street,13.07552355,80.26806695,residential
Nyniappan Street,13.075029908016562,80.26791725800986,residential
Laffond Street,13.0772672,80.27237155,residential
Laffond Street,13.0775197,80.27239975,residential
Singanna 1st Lane,13.077391899999999,80.27210869999999,living_street
Laffond Street,13.0763971,80.27226185,residential
Laffond Street,13.075264535411291,80.27217597186991,residential
Laffond Lane,13.075754946320057,80.27267949653935,residential
Laffond Street,13.075264535411295,80.27217597186994,residential
Arunachalam Street,13.074471899826046,80.27279296824044,secondary
Arunachalam Street,13.07481339338506,80.27201450675872,secondary
Singanna Street,13.077747449999999,80.27191705,residential
Deputy Mayor Kabalamurthy Road,13.0781239,80.27179720000001,tertiary
Deputy Mayor Kabalamurthy Road,13.077883379231954,80.27221482302353,tertiary
Singanna Street,13.077363450000002,80.2718093,residential
Singanna Street,13.077747449999999,80.27191705,residential
Singanna 1st Lane,13.077391899999999,80.27210869999999,living_street
Ayya Mudali Street,13.0774615,80.27026515,tertiary
Ayya Mudali Street,13.07827723231892,80.27042074600969,tertiary
Ayya Mudali Street,13.078775400000001,80.27049165,tertiary
Deputy Mayor Kabalamurthy Road,13.078643854658388,80.27079459851963,tertiary
Dams Road,13.079117174908111,80.2697367888069,tertiary
Ayya Mudali Street,13.0774615,80.27026515,tertiary
Kalavai Street,13.07714917416769,80.2698430917888,residential
Ayya Mudali Street,13.076535502749307,80.27003184001158,tertiary
Arunchalam Street,13.076031400000002,80.2696102,residential
Arunchalam Street,13.075902150000001,80.2701222,residential
Ayya Mudali Street,13.075663099999998,80.2697971,tertiary
Ayya Mudali Street,13.076535502749307,80.27003184001158,tertiary
Arunachalam Street,13.0752982,80.26996285,secondary
Arunachalam Street,13.07543405,80.2694497,secondary
Ayya Mudali Street,13.075663099999998,80.2697971,tertiary
Bazzar Street,13.0787506,80.27025474999999,residential
Bazzar Street,13.07878165,80.26973525,residential
Bazzar Street,13.0788149,80.26917655,residential
Patavattamman Koli Street,13.078895998872898,80.26891277494909,residential
Balakrishna Street,13.07876845,80.2680383,residential
Rex Street,13.07892105,80.2681858,residential
Rex Street,13.078861301687684,80.26788296720939,residential
Mangapathi Street,13.0766516,80.2689019,residential
Kalavai Street,13.0763149,80.26940770000002,residential
Kalavai Street,13.07677655,80.26953685000001,residential
Arunachalam Street,13.07543405,80.2694497,secondary
Arunachalam Street,13.075649349999999,80.26866050000001,secondary
Kalavai Street,13.0752445,80.2690989,residential
Kalavai Street,13.0757723,80.2692543,residential
Ayya Mudali Street,13.072675,80.26899595,residential
Ayya Mudali Street,13.07216960322539,80.26900185132695,residential
Palli Street,13.072617294823548,80.26837290657873,residential
Nagamani Street,13.07469215,80.2683821,residential
Kalavai Street,13.074781250000001,80.26896925,residential
Kalavai Street,13.073976559804567,80.2687516149762,residential
Nyniappan Street,13.0746056,80.26778225000001,residential
Nagamani Street,13.07469215,80.2683821,residential
Nyniappan Street,13.075029908016562,80.26791725800986,residential
Nyniappan Street,13.074233699999999,80.2676814,residential
Nyniappan Street,13.0738369,80.26758805,residential
Devaraj Sarang Lane,13.073966200000001,80.26801710000001,residential
Sivaprakasam Street,13.07130615,80.2707805,residential
Sivaprakasam Street,13.0712345,80.2713042,residential
Usman Khan Street,13.0714598,80.27111095000001,residential
Usman Khan Street,13.07113785,80.27103249999999,residential
Singanna Street,13.071201049999999,80.2704905,residential
Singanna Street,13.07144345,80.27049635,residential
Sivaprakasam Street,13.07130615,80.2707805,residential
Meeyan 2nd Street,13.074045580579789,80.27178664144381,living_street
Arunachalam Street,13.074895,80.2718012,secondary
Meeyan 2nd Street,13.07404558057979,80.27178664144382,living_street
Arunachalam Street,13.07481339338506,80.27201450675872,secondary
Audiappa Street,13.074401707263458,80.26723159985431,residential
Guruvappa Street,13.073643249999998,80.2673484,residential
Guruvappa Street,13.073660898757295,80.26705753732273,residential
Audiappa Street,13.074401707263458,80.26723159985428,residential
Mangapathi Street,13.07686575,80.26760329999999,residential
Mangapathi Street,13.07680165,80.26809639999999,residential
Mangapathi Street,13.0766516,80.2689019,residential
Nyniappan Street,13.076524500000001,80.2682948,residential
Kalavai Street,13.07677655,80.26953685000001,residential
Kalavai Street,13.07714917416769,80.26984309178879,residential
Balakrishna Street,13.077042299999999,80.26790395,residential
Balakrishna Street,13.0774558,80.26798815000001,residential
Balakrishna Street,13.078015,80.26807974999998,residential
Balakrishna Street,13.0783814,80.26806705,residential
Mukki Amman Koil Street,13.07813165,80.26790940000001,residential
Mukki Amman Koil Street,13.07810275,80.2684847,residential
Mangapathi Street,13.07686575,80.26760329999999,residential
Mangapathi Street,13.07680165,80.26809639999999,residential
Balakrishna Street,13.077042299999999,80.26790395,residential
Nyniappan Street,13.07552355,80.26806695,residential
Arunachalam Street,13.075649349999999,80.26866050000001,secondary
Arunachalam Street,13.07590205,80.267678,secondary
Nyniappan Street,13.0759546,80.26817935,residential
Nyniappan Street,13.076524500000001,80.2682948,residential
Nyniappan Street,13.076200400000001,80.26823745,residential
Kalavai Street,13.0757723,80.2692543,residential
Kalavai Street,13.07606495,80.26933629999999,residential
Arunchalam Street,13.076031400000002,80.2696102,residential
Kalavai Street,13.07606495,80.26933629999999,residential
Kalavai Street,13.0763149,80.26940770000002,residential
Swami Naicken Street,13.07553725,80.27028795,residential
Arunchalam Street,13.075902150000001,80.2701222,residential
Swami Naicken Street,13.076739173990333,80.2706573396134,residential
Vennkatesan Street,13.077878,80.27150370000001,residential
Deputy Mayor Kabalamurthy Road,13.0781239,80.27179720000001,tertiary
Deputy Mayor Kabalamurthy Road,13.078292699999999,80.27142484999999,tertiary
Vennkatesan Street,13.076334800000001,80.27107035,residential
Vennkatesan Street,13.077878,80.27150370000001,residential
Vennkatesan Street,13.076334800000001,80.27107035,residential
Arunachalam Street,13.075062299999999,80.27100734999999,secondary
Arunachalam Street,13.07517355,80.27046865,secondary
Swami Naicken Street,13.0783521,80.2710629,residential
Deputy Mayor Kabalamurthy Road,13.078435299999999,80.2711724,tertiary
Deputy Mayor Kabalamurthy Road,13.078643854658388,80.27079459851963,tertiary
Singanna Street,13.073599649999998,80.27087119999999,residential
Singanna Street,13.074660949999998,80.27117329999999,residential
Guruvappa Street,13.0730482,80.26982264999998,residential
Guruvappa Street,13.072979800000002,80.2701264,residential
Wallers Road,13.070314950000002,80.26978980000001,residential
Wallers Road,13.070161050000001,80.27029815,residential
Guruvappa Street,13.0729471,80.27032715,residential
Guruvappa Street,13.07291225,80.2705622,residential
Usman Khan Street,13.07113785,80.27103249999999,residential
Usman Khan Street,13.070895700000003,80.27097000000002,residential
Seeyaliamman Koil Street,13.0709617,80.27116895,residential
Seeyaliamman Koil Street,13.07087885,80.27162179999999,residential
Ritchie Street,13.070991,80.27179465,residential
Ritchie Street,13.07064445,80.2716856,residential
Hussain Sahib Street,13.0707479,80.2712988,residential
Seeyaliamman Koil Street,13.070912099999997,80.2714113,residential
Seeyaliamman Koil Street,13.0709617,80.27116895,residential
Adikesavalu Street,13.072522,80.2710002,residential
Usman Khan Street,13.0717644,80.2711862,residential
Sivaprakasam Street,13.07192025,80.27102705,residential
Sivaprakasam Street,13.071823216766262,80.27155528413462,residential
Ayya Mudali Street,13.07216960322539,80.26900185132695,residential
Sadasivam lane,13.0743317,80.26812509999999,residential
Nyniappan Street,13.0746056,80.26778225000001,residential
Nyniappan Street,13.074233699999999,80.2676814,residential
Sadasivam lane,13.0743317,80.26812509999999,residential
Balakrishna Street,13.0774558,80.26798815000001,residential
Balakrishna Street,13.077779750000001,80.2680515,residential
Mukki Amman Koil Street,13.07810275,80.2684847,residential
Langs Garden Road,13.075159199999998,80.2653079,tertiary
Langs Garden Road,13.07533465716817,80.26527904674197,tertiary
Langs Garden Road,13.075159199999998,80.2653079,tertiary
Langs Garden Road,13.07481484894607,80.26536511753204,tertiary
Langs Garden Road,13.072759222291124,80.26655809903576,tertiary
Langs Garden Road,13.07398365905344,80.26561677412076,tertiary
C.P. Mudali Street,13.071404149999998,80.2677552,residential
Langs Garden Road,13.071792299999998,80.26745355,tertiary
Langs Garden Road,13.07068398561168,80.26832376529188,tertiary
Langs Garden Road,13.069417604261728,80.26868058472067,tertiary
Langs Garden Road,13.06882636689246,80.26860496199016,tertiary
South Cooum River Road,13.0676262,80.2672636,tertiary
Saiful Mulk Street,13.06778054517818,80.26722951842883,residential
South Cooum River Road,13.068018053574455,80.26802309228718,tertiary
South Cooum River Road,13.0673256,80.26494509999999,tertiary
South Cooum River Road,13.067388213599608,80.26578057207836,tertiary
South Cooum River Road,13.06729735,80.2645136,tertiary
South Cooum River Road,13.0673256,80.26494509999999,tertiary
Veerabadhran Street,13.0675448,80.26471280000001,residential
Transport Lane,13.067515499999999,80.26397705,living_street
South Cooum River Road,13.067260150000001,80.2641457,tertiary
South Cooum River Road,13.066643578211789,80.26234175009948,tertiary
Rukmani Lakshmipathi Road,13.06610355,80.26071010000001,secondary
Rukmani Lakshmipathi Road,13.065034207641375,80.26040470799263,secondary
South Cooum River Road,13.06664357821179,80.26234175009948,tertiary
Rukmani Lakshmipathi Road,13.0662896,80.2607246,secondary
Rukmani Lakshmipathi Road,13.06659389740583,80.26074388333299,tertiary
Rukmani Lakshmipathi Road,13.070895751206457,80.26108208469896,tertiary
Rukmani Lakshmipathi Road,13.069568899865086,80.26097775168999,tertiary
Montieth Road,13.066540803186545,80.26028279533386,secondary
Montieth Road,13.066863087618968,80.25968722108293,secondary
Pantheon Road,13.067707949999999,80.2551941,secondary
Casa Major Road,13.06977365652519,80.2552209929047,secondary
Montieth Road,13.069255537288477,80.25708670646938,secondary
Mothibaba Lane,13.0748509,80.26152064999998,residential
Rukmani Lakshmipathi Road,13.071258580152051,80.26111103108798,tertiary
Rukmani Lakshmipathi Road,13.070895751206457,80.26108208469896,tertiary
Thulasingam Street,13.071011169455291,80.26175840051648,residential
Thulasingam Street,13.070957450000002,80.26318325,residential
Manickam Street,13.070731200000003,80.26392055,residential
Manickam Street,13.07105375,80.26395735,residential
Manickam Street,13.070731200000003,80.26392055,residential
Muthiah Street,13.0484943,80.25371685,residential
Muthiah Street,13.048561019300543,80.25300717332918,residential
Cathedral Road,13.049038937880239,80.2534011466757,primary
Muthiah Street,13.04864995,80.2522758,residential
Ellaiamman Colony Main Road,13.048264450000003,80.25218229999999,residential
Muthiah Street,13.048795230502922,80.25188171785967,residential
Muthiah Street,13.048791900000001,80.25148254999999,residential
Babu Street,13.048984650000001,80.25156715000001,residential
Muthiah Street,13.048795230502922,80.25188171785967,residential
Babu Street,13.0493156,80.2500919,residential
Beerkaran Street,13.049324387761326,80.2506477561042,residential
Babu Street,13.049134062208596,80.25051845470311,residential
Babu Street,13.049134062208596,80.25051845470311,residential
Babu Street,13.049113715755762,80.2511863396115,residential
Babu Street,13.048984650000001,80.25156715000001,residential
Babu Street,13.049229959090455,80.25181826902259,living_street
Babu Street,13.049113715755768,80.25118633961151,residential
Muthiah Street,13.048791900000001,80.25148254999999,residential
Muthiah Street,13.04848711883836,80.25132890092691,residential
VV Koil Street,13.048715166460669,80.25107031362823,residential
VV Koil Street,13.04875515,80.25048634999999,residential
VV Koil Street,13.04871516646067,80.25107031362825,residential
VV Koil Street,13.048787650000001,80.24998715000001,residential
VV Koil Street,13.04875515,80.25048634999999,residential
Parthasarathy Pettai,13.0484741,80.25023395,residential
Parthasarathy Pettai,13.04818435,80.25007135000001,residential
Parthasarathy Pettai,13.0484741,80.25023395,residential
Parthasarathy Pettai,13.048108249999999,80.25022630000001,residential
Parthasarathy Pettai,13.048228049999999,80.2497422,residential
Anna Salai (Mount Road),13.048079417968088,80.24941973420952,primary
Scheme Road,13.0468513,80.25255625,residential
Scheme Road,13.047279700000002,80.2528073,residential
3rd Cross Street,13.047166499999998,80.252403,residential
Scheme Road,13.0468513,80.25255625,residential
4th Cross Street,13.04661755,80.25224195,residential
Scheme Road,13.046344610605484,80.25225901241562,residential
Scheme Road,13.046344610605484,80.25225901241562,residential
"['Sivasankaran Road', 'Ellaiamman Colony Main Road']",13.045347100794075,80.25151050768193,residential
Ellaiamman Colony Main Road,13.046374821954121,80.25207866827336,residential
5th Cross Street,13.046298429947141,80.25175919488555,residential
Chokalingam Nagar Main Road,13.04554715,80.25039244999999,residential
Sivasankaran Road,13.045320268677187,80.2493217169427,residential
"['Sivasankaran Road', 'Ellaiamman Colony Main Road']",13.045347100794075,80.25151050768193,residential
Muthiah Street,13.048150800000002,80.2512282,residential
Muthiah Street,13.04750811658217,80.25118097075668,residential
Muthiah Street,13.04801678790576,80.25071095862316,residential
15th Avenue,13.070389953698925,80.23981089466878,residential
Harrington Road,13.069260076451913,80.24111180690905,tertiary
14th Avenue,13.070221499999999,80.23924995,residential
Harrington Road,13.069289549999999,80.23941305,tertiary
13th Avenue,13.070428267651739,80.23838294797854,residential
Harrington Road,13.069312083289624,80.23877749941309,tertiary
Harrington Road,13.070598,80.232125,tertiary
Harrington Road,13.071096281579434,80.23204219806374,tertiary
Venkatachalapathy Street,13.0721955,80.23161455,residential
Harrington Road,13.071888703298693,80.23191819571761,tertiary
Harrington Road,13.072549164436413,80.2318031970508,tertiary
Harrington Road,13.073848299246436,80.23187600738919,tertiary
Harrington Road,13.07530875,80.23206055,tertiary
EVR Periyar Salai,13.075643976622484,80.23297309513951,primary
Arunachalam Street,13.0702637,80.2318427,residential
Vaidyanathan Street,13.0705579,80.2315413,residential
Vaidhanathan Street,13.070545603888796,80.23199215170449,residential
Vaidyanathan Street,13.070567600000002,80.2310272,residential
Vaidyanathan Street,13.0705579,80.2315413,residential
Vaidyanathan Street,13.07059445,80.23071775,residential
Vaidyanathan Street,13.070567600000002,80.2310272,residential
"['Arunachalam 2nd Lane', 'Murugesan Street']",13.070133334446465,80.2308248042486,residential
Pillayar Koil Street,13.0703628,80.2305083,residential
Vaidyanathan Street,13.07060995,80.23055255,residential
Harrington Road,13.07035585,80.2324051,tertiary
Chari Road,13.069455186804534,80.23230385677041,tertiary
Muthiappan Street,13.068804199999997,80.23185235,residential
"['Choolaimedu Bridge', 'Chari Road', 'Choolaimedu High Road']",13.06784007528585,80.23168655575596,tertiary
Mayor Sathyamurthy Road,13.0735976,80.24609465,residential
Brindavan Street,13.07353965,80.2457542,residential
School Road,13.0722737,80.2456698,residential
Brindavan Street,13.072253100000001,80.2459878,residential
Brindavan Street,13.072431250000001,80.2459305,residential
School Road,13.0714976,80.2421185,residential
School Road,13.0716806,80.24270720000001,residential
School Road,13.0714976,80.2421185,residential
Mc Nichols Road,13.070933,80.241892,primary
3rd Street,13.073367000000001,80.24336885,residential
Jaganathapuram 2nd Street,13.0733786,80.2429501,residential
Jaganathapuram 2nd Street,13.073764950000001,80.2429917,residential
School Road,13.0716806,80.24270720000001,residential
School Road,13.07177575,80.2430929,residential
Jaganathapuram 2nd Street,13.07213955,80.2429235,residential
Jaganathapuram 2nd Street,13.07289555,80.242935,residential
Jaganathapuram 2nd Street,13.07213955,80.2429235,residential
McNichols Road,13.065837349999999,80.24351285,primary
"['Valluvar Kottam High Road', 'Sterling Road']",13.0655424827168,80.24244536518147,secondary
"['Tank Bund Road', 'Sterling Avenue']",13.062573231296305,80.23623122936422,secondary
Nelson Manickam Road,13.063199012111994,80.23562536642639,secondary
Sivaganga Road,13.064797549999998,80.24132715,residential
Sivaganga Road,13.064169249999999,80.24128999999999,residential
Sterling Road,13.065257549999998,80.2408494,secondary
Venkatanarayana Road,13.03440535,80.23757714999999,secondary
burkit road,13.034279632394915,80.23737571952803,secondary
Venkatanarayana Road,13.03277415,80.23861005,secondary
South West Boag Road,13.0315038,80.2343893,tertiary
Madurai Veeran Street,13.0319477,80.23409755,residential
South West Boag Road,13.031388974650312,80.23379655703486,tertiary
Annasalai Street,13.031157756667879,80.23408826645205,tertiary
New Boag Road,13.0303199,80.2290224,secondary
New Boag Road,13.030428172913782,80.22959562446286,secondary
Muthurangam Road,13.030019400000002,80.2285984,residential
New Boag Road,13.0303362,80.2287557,secondary
Muthurangam Road,13.03050905,80.22863425,residential
New Boag Road,13.030412961154266,80.22803590847555,secondary
New Boag Road,13.030486100000001,80.22739565,residential
New Boag Road,13.030412961154266,80.22803590847555,secondary
70 Feet Road,13.030196756718228,80.22745140230765,secondary
Police Quarters Road,13.033619261891237,80.22973252119752,residential
Madley Road,13.035075619057693,80.23000688642195,tertiary
Madley Road,13.035134343480703,80.22971429850405,tertiary
Guild Street,13.03540898307905,80.22963922855146,residential
Madley Road,13.035134343480703,80.22971429850405,tertiary
Madley Road,13.035194721088198,80.2293961035114,tertiary
Madley Road,13.035194721088198,80.2293961035114,tertiary
"['Madley subway', 'Madley Road']",13.035397821628816,80.22719806704234,tertiary
Muthurangam Road,13.034587601133856,80.22912249602277,residential
Hensman Road,13.03679075,80.23610995,residential
Kannadasan Salai,13.0369998,80.2364473,residential
Venkatanarayana Road,13.037275204648422,80.23585555719337,secondary
South West Boag Road,13.031776749999999,80.2358819,tertiary
South West Boag Road,13.03216585,80.2379771,tertiary
Mopparappan Street,13.031694308728149,80.23709346183693,tertiary
Sadulla Street,13.03311455,80.23611059999999,tertiary
Mopparappan Street,13.032834250000002,80.23701750000001,tertiary
Mopparappan Street,13.0339031,80.23697435,tertiary
Burkit Road,13.03417465,80.23705845,secondary
Burkit Road,13.034397864350463,80.2352201236194,secondary
Venkatanarayana Road,13.0333303,80.23825035,secondary
Sadulla Street,13.033161950213664,80.2376635214446,tertiary
Sadulla Street,13.03308915,80.23466705,tertiary
Madurai Veeran Street,13.033429250000001,80.23411254999999,residential
Madurai Veeran Street,13.03300065,80.2341083,residential
Madurai Veeran Street,13.033429250000001,80.23411254999999,residential
Moosa Street,13.03374325,80.2346615,residential
Moosa Street,13.03373257901005,80.23358205149891,residential
Mopparappan Street,13.03339465,80.23699074999999,tertiary
Moosa Street,13.03368325,80.23609615000001,residential
South Dhandapani Street,13.03360735,80.23304490000001,tertiary
South Dhandapani Street,13.0338973,80.23305875,tertiary
Moosa Street,13.03373257901005,80.23358205149891,residential
South Dhandapani Street,13.03147715,80.23293805,tertiary
South West Boag Road,13.030991,80.2318416,tertiary
South West Boag Road,13.031269,80.23321870000001,tertiary
Damodaran Street,13.03355075,80.23178485,residential
South Dhandapani Street,13.0332676,80.2330357,tertiary
South Dhandapani Street,13.03360735,80.23304490000001,tertiary
Srinivasa Street,13.03161355,80.2318248,residential
South Dhandapani Street,13.03147715,80.23293805,tertiary
South Dhandapani Street,13.0320416,80.23297495,tertiary
Gopal Street,13.0323043,80.2318142,residential
South Dhandapani Street,13.0320416,80.23297495,tertiary
South Dhandapani Street,13.0324648,80.23300435,tertiary
South Dhandapani Street,13.032804850000002,80.23302179999999,tertiary
South Dhandapani Street,13.0332676,80.2330357,tertiary
Shivaji Street,13.033004977160717,80.23179514921219,residential
South Dhandapani Street,13.03438095,80.23309315,tertiary
Burkit Road,13.034638750000001,80.23329525,secondary
Burkit Road,13.034841791722124,80.23176392536213,secondary
South Dhandapani Street,13.0338973,80.23305875,tertiary
South Dhandapani Street,13.03438095,80.23309315,tertiary
Mannar Street,13.034193964545413,80.2317626558138,residential
Abdul Azeez Street,13.032461399999999,80.23614205000001,residential
Mopparappan Street,13.032227899999999,80.2370515,tertiary
Abdul Azeez Street,13.03244695,80.234406,residential
Madurai Veeran Street,13.03252095,80.23411225000001,residential
Madurai Veeran Street,13.0319477,80.23409755,residential
Landons Road,13.080275350000003,80.2405636,residential
Landons Road,13.080260440331353,80.24130335526117,residential
Vasu Street,13.078054799634657,80.24071021948124,residential
Waddles Road,13.08059620323055,80.24580879118707,residential
Barnaby Road,13.079847370017683,80.24632761647544,primary
Barnaby Road,13.081250556004255,80.24944563286637,primary
Dr Alagappa Road,13.0813138,80.2500298,secondary
Flowers Road,13.081188548356257,80.25006320401802,tertiary
Audiappa Street,13.082070111491038,80.2531172613936,residential
Dr Alagappa Road,13.081889411213488,80.25317605557768,secondary
"['Lettangs Road', 'Lettangs road']",13.082732622133818,80.25602910410451,residential
Dr Alagappa Road,13.081479029307456,80.25531149853511,residential
Dr Alagappa Road,13.081289513945801,80.25632243353205,residential
Landons Road,13.0803149,80.24310525,residential
Muniappa Road,13.081241257101663,80.24351455946264,residential
Muniappa Road,13.079858502027538,80.24333378478762,residential
Muniappa Road,13.079858502027538,80.24333378478762,residential
Purasawalkam High Road,13.0858057,80.25121734999999,primary
Menadu Street,13.0865933,80.25126025,residential
Purasawalkam High Road,13.08569665,80.2519584,primary
Pandaram Street,13.0865608,80.25175805000002,residential
Vellala Street,13.08521065,80.2520422,residential
Purasawalkam High Road,13.0856505,80.2522323,primary
Purasawalkam High Road,13.085557699999999,80.25382535,primary
Sundaram Pillai Stret,13.085859600000001,80.2536359,residential
Purasawalkam High Road,13.086035200000001,80.25555205000002,secondary
Tana street,13.086212350000002,80.25545349999999,tertiary
Purasaiwalkam Flyover,13.087289963015632,80.25954652044808,secondary
Purasaiwalkam Flyover,13.086649011369795,80.25735971255976,secondary
Narayana Guru Salai,13.088441700664461,80.26313462214085,secondary
Narayana Guru Salai,13.090247349999999,80.2655828,secondary
Narayana Guru Salai,13.08998115,80.26513715,secondary
Avadhanam Papier Road,13.090158938271035,80.26467598377018,tertiary
Manickeswari Street,13.079645,80.24399575000001,residential
Barnaby Road,13.079338891995107,80.24428561463714,"['primary', 'residential']"
Rajarathinam Street,13.079072197110166,80.24131389309882,residential
Vasu Street,13.079415311066866,80.24073715839972,residential
Velachery Main Road,12.963656920963455,80.21593584275362,primary
Bazaar Main Road,12.96359827214513,80.21567162572059,secondary
Velachery Main Road,12.99147515,80.2195448,secondary
Velachery Bypass Road,12.990503968701068,80.21919984571102,primary
Jawaharlal Nehru Street,13.027921500000001,80.20860055,tertiary
Karikalan street,13.0281454,80.20886325,residential
Cholan Street,13.027733500000002,80.20962639999999,residential
Karikalan street,13.02800435,80.20933535,residential
Cheran Street,13.028281427366728,80.20940574872962,residential
S.V. Chidambaram Salai,13.027705498854345,80.20994618127261,residential
Durgabai Deshmukh Road,13.009560800000001,80.25905785,primary
Gandhi Nagar 4th Main Road,13.0092614,80.2590054,residential
B. Ramachandra Adithanar Road,13.0097128,80.24954635,residential
Canal Bank Road,13.0101184,80.2488477,tertiary
Canal Bank Road,13.009445399291469,80.24876590504131,tertiary
Sardar Patel Road,13.00675975,80.25754900000001,primary
2nd Cross Street,13.00903065,80.2545217,residential
2nd Cross Street,13.008352649999999,80.25448800000001,residential
Gandhi Nagar 3rd Main Road,13.00852785,80.25524475,residential
Gandhi Nagar 3rd Main Road,13.008618309673736,80.25301872523235,residential
2nd Cross Street,13.00903065,80.2545217,residential
B. Ramachandra Adithanar Road,13.0095123,80.25409055,residential
B. Ramachandra Adithanar Road,13.009420695499339,80.25627280379884,residential
Crescent Park 1st Main Road,13.010346381518,80.25443442116854,residential
2nd Cross Street,13.006966049999999,80.2544152,residential
2nd Cross Street,13.0066597,80.2544157,residential
Gandhi Nagar 1st Main Road,13.006698893480115,80.25512675685601,residential
Canal Bank Road,13.006931349999999,80.2484235,tertiary
Gandhi Nagar 1st Main Road,13.006938353010783,80.24994617455334,residential
Canal Bank Road,13.00744277117868,80.24848120699014,tertiary
Canal Bank Road,13.0068237,80.248403,tertiary
Sardar Patel Road,13.006779897417113,80.24869751555173,primary
Canal Bank Road,13.0101184,80.2488477,tertiary
3rd Canal Cross Street,13.010282732891705,80.24982466408684,residential
East Kottur Canal Bank Road,13.010923719992617,80.24892677924687,tertiary
3rd Cross Street,13.00940525,80.25156175000001,residential
B. Ramachandra Adithanar Road,13.009589250000001,80.25210705,residential
B. Ramachandra Adithanar Road,13.0096408,80.2509269,residential
Crescent Avenue,13.010005597534981,80.2518847355755,residential
Canal Bank Road,13.00822545,80.24859905,tertiary
Gandhi Nagar 2nd Main Road,13.007866714975824,80.24937352047398,residential
Canal Bank Road,13.00744277117868,80.24848120699014,tertiary
Gandhi Nagar 2nd Main Road,13.00771375,80.25297420000001,residential
2nd Cross Street,13.00789195,80.25445895,residential
2nd Cross Street,13.0074293,80.25443010000001,residential
Gandhi Nagar 2nd Main Road,13.007606513265094,80.25578267430534,residential
1st Cross Street,13.00804125,80.25701294999999,residential
Gandhi Nagar 2nd Main Road,13.00797697175008,80.2575410458729,residential
Gandhi Nagar 2nd Main Road,13.007606513265094,80.25578267430534,residential
1st Cross Street,13.007212803032024,80.25726208502407,residential
Gandhi Nagar 2nd Main Road,13.008870732347035,80.2579560262628,residential
B. Ramachandra Adithanar Road,13.009308703084635,80.2583581069527,residential
B. Ramachandra Adithanar Road,13.009420695499339,80.25627280379884,residential
PS Road,13.009711270407786,80.25804529224716,residential
Gandhi Nagar 3rd Main Road,13.008435500000001,80.2573879,residential
Gandhi Nagar 2nd Main Road,13.008870732347036,80.2579560262628,residential
Gandhi Nagar 2nd Main Road,13.007976971750086,80.25754104587291,residential
4th Cross Street,13.008899,80.25025504999999,residential
4th Cross Street,13.00860895,80.2502434,residential
Gandhi Nagar 3rd Main Road,13.00871635,80.25089165,residential
4th Cross Street,13.0080838,80.25021735,residential
Gandhi Nagar 2nd Main Road,13.007808850000002,80.2508526,residential
Gandhi Nagar 2nd Main Road,13.007866714975824,80.24937352047398,residential
4th Cross Street,13.0093556,80.2502729,residential
B. Ramachandra Adithanar Road,13.0096408,80.2509269,residential
B. Ramachandra Adithanar Road,13.0097128,80.24954635,residential
3rd Canal Cross Street,13.010282732891703,80.24982466408686,residential
2nd Canal Cross Street,13.0090882,80.24949244999999,residential
Canal Bank Road,13.0088409,80.24868670000001,tertiary
Canal Bank Road,13.009445399291469,80.24876590504131,tertiary
2nd Canal Cross Street,13.0090882,80.24949244999999,residential
4th Cross Street,13.0093556,80.2502729,residential
4th Cross Street,13.008899,80.25025504999999,residential
1st Canal Cross Street,13.008505849999999,80.24944550000001,residential
Canal Bank Road,13.0088409,80.24868670000001,tertiary
Canal Bank Road,13.00822545,80.24859905,tertiary
1st Canal Cross Street,13.008505849999999,80.24944550000001,residential
4th Cross Street,13.00860895,80.2502434,residential
4th Cross Street,13.0083974,80.25023695,residential
3rd Cross Street,13.007100600000001,80.25148115,residential
Gandhi Nagar 1st Main Road,13.0067936,80.2529422,residential
3rd Cross Street,13.00803055,80.25151445,residential
3rd Cross Street,13.0075575,80.25149825,residential
Gandhi Nagar 2nd Main Road,13.00771375,80.25297420000001,residential
Gandhi Nagar 2nd Main Road,13.007808850000002,80.2508526,residential
3rd Cross Street,13.0089374,80.25154434999999,residential
3rd Cross Street,13.0084786,80.2515301,residential
Gandhi Nagar 3rd Main Road,13.00871635,80.25089165,residential
Gandhi Nagar 3rd Main Road,13.008618309673736,80.25301872523235,residential
2nd Main Road,13.0114959,80.25240640000001,residential
Crescent Avenue,13.011551149999999,80.2531141,residential
Crescent Avenue,13.01079135,80.2525174,residential
2nd Main Road,13.010939894434577,80.25307090170226,residential
1st Cross Street,13.007212803032024,80.25726208502407,residential
Gandhi Nagar 1st Main Road,13.00686269406306,80.25756106646584,residential
Gandhi Nagar 4th Main Road,13.00927335,80.25883435,residential
1st Cross Street,13.00804125,80.25701294999999,residential
Gandhi Nagar 3rd Main Road,13.0084711,80.25644919999999,residential
Gandhi Nagar 3rd Main Road,13.008435500000001,80.2573879,residential
Crescent Avenue,13.01079135,80.2525174,residential
3rd Main Road,13.010005159238808,80.25248371250838,residential
Crescent Avenue,13.010005597534981,80.2518847355755,residential
B. Ramachandra Adithanar Road,13.00954765,80.2531413,residential
B. Ramachandra Adithanar Road,13.009589250000001,80.25210705,residential
3rd Main Road,13.010005159238808,80.25248371250838,residential
B. Ramachandra Adithanar Road,13.0095123,80.25409055,residential
B. Ramachandra Adithanar Road,13.00954765,80.2531413,residential
2nd Main Road,13.009903617056802,80.25357607479987,residential
2nd Main Road,13.010939894434577,80.25307090170226,residential
2nd Main Road,13.010477055459976,80.25341026202082,residential
Govindarajapuram 1st Street,13.00591515,80.2526702,residential
Sardar Patel Road,13.006509332718347,80.25240726801657,primary
Kasturibai Nagar 1st Cross Street,13.006333850000003,80.25467785000001,residential
Sardar Patel Road,13.006489642738059,80.25376962007694,primary
Adyar Flyover,13.005639624915306,80.25736123475725,secondary
Adyar Flyover,13.00658354907058,80.256465657049,primary
Arunachalapuram Main Road,13.008670200000001,80.25933570000001,residential
Sardar Patel Road,13.008345718614336,80.2591988113589,primary
Sardar Patel Road,13.00782071148005,80.2593374505517,primary
Sardar Patel Road,13.00745889847162,80.25930788996111,primary
Sardar Patel Road,13.007027506966468,80.25844018743405,primary
Sardar Patel Road,13.006622199999999,80.2576939,primary
1st Street,13.006018971271645,80.25787149314937,residential
Durgabai Deshmukh Road,13.007881828201537,80.2588077582248,primary
Besant Avenue Road,13.007219051752678,80.2601760143897,secondary
Dr Muthulakshmi Salai,13.00664725,80.25749355,secondary
Sardar Patel Road,13.006503226092484,80.25629410230876,primary
Crescent Park 1st Main Road,13.012229317707124,80.25300131399626,residential
Crescent Avenue,13.011551149999999,80.2531141,residential
Crescent Park 1st Main Road,13.012229317707124,80.25300131399626,residential
Crescent Park 1st Main Road,13.011546487999404,80.25378807894963,residential
2nd Main Road,13.0114959,80.25240640000001,residential
East Kottur Canal Bank Road,13.01417223001503,80.24897357941597,tertiary
East Kottur Canal Bank Road,13.01371311730431,80.24909204174743,tertiary
East Kottur Canal Bank Road,13.01371311730431,80.24909204174743,tertiary
East Kottur Canal Bank Road,13.012966966426255,80.24918523833838,tertiary
Bheemana Mudali 2nd Street,13.034022,80.25822975,residential
CV Raman Road,13.034724,80.25851639999999,tertiary
CV Raman Road,13.034735482258062,80.25804952368352,tertiary
CV Raman Road,13.034724,80.25851639999999,tertiary
Bheemana Mudali 1st Street,13.03405025,80.25868679999999,residential
Bheemana Mudali 1st Street,13.0349422031703,80.25879868542917,residential
CV Raman Road,13.03473282507591,80.2590246542852,tertiary
Anandapuram,13.03404765,80.25920055,residential
CV Raman Road,13.034709249999999,80.2596777,tertiary
CV Raman Road,13.03473282507591,80.2590246542852,tertiary
CV Raman Road,13.034709249999999,80.2596777,tertiary
Bakthavachalam Road,13.03489365,80.25999605,tertiary
2nd Street,13.03468745,80.2604585,tertiary
Bakthavachalam Road,13.033989432088891,80.26004282940184,tertiary
2nd Street,13.034497550000001,80.26197450000001,tertiary
2nd Street,13.034616549999999,80.26124245,tertiary
Cenotaph 1st Street,13.0341184,80.2471908,tertiary
1st Main Road,13.034532450000002,80.2466534,residential
Cenotaph 1st Street,13.034239212590366,80.24624114421248,tertiary
Cenotaph 1st Street,13.0341184,80.2471908,tertiary
2nd Main Road,13.03427365,80.24782015,residential
Cenotaph 1st Street,13.033964951861996,80.24836844992964,tertiary
Cenotaph 1st Street,13.033787549999998,80.24982745,tertiary
Alwarpet Street,13.033739650000001,80.25006805,tertiary
3rd Street,13.033345895147722,80.24978489438864,residential
Thiruvalluvar Salai,13.0341654,80.25061885,tertiary
Alwarpet Street,13.03367565,80.25047735,tertiary
Alwarpet Street,13.033561328068764,80.25105838071053,tertiary
T T Krishnamachari Road,13.03350925,80.2532514,secondary
Alwarpet Street,13.033510158086742,80.25268224056023,tertiary
T T Krishnamachari Road,13.0337164,80.25339925,secondary
Bheemana Garden Street,13.033504680254039,80.25403364805395,residential
Bheemana Garden Street,13.0333835,80.25604960000001,residential
Bheemana Garden Street,13.033889949999999,80.2563286,residential
Bheemana Garden Street,13.033341211847944,80.25658460364365,residential
Bheemana Garden Street,13.03344075,80.25530125,residential
Ananda Street,13.0338665,80.25480935,residential
Bheemana Garden Street,13.033504680254039,80.25403364805395,residential
Bawa Street,13.032610417776453,80.25474076762927,residential
Bheemana Mudali 2nd Street,13.034022,80.25822975,residential
Doctor Ranga Road,13.03334825,80.25840015,secondary
Doctor Ranga Road,13.033320400000001,80.25801684999999,secondary
Doctor Ranga Road,13.033314711165492,80.25729431788749,secondary
Bheemana Garden Street,13.033341211847944,80.25658460364365,residential
CP Ramaswamy Road,13.032422285065222,80.25680041058968,secondary
Anandapuram,13.03404765,80.25920055,residential
Doctor Ranga Road,13.0333691,80.2590361,secondary
Doctor Ranga Road,13.033341170813411,80.25938762898244,secondary
Doctor Ranga Road,13.03308655,80.26047074999998,secondary
Warren Road,13.032882262547103,80.26040121193677,tertiary
Doctor Ranga Road,13.033181904623731,80.26023537936973,secondary
Bakthavachalam Road,13.033989432088891,80.26004282940184,tertiary
Doctor Ranga Road,13.03318190462373,80.26023537936972,secondary
Doctor Ranga Road,13.033276741595945,80.25986462034454,secondary
Doctor Ranga Road,13.033138050000002,80.26293475,secondary
Doctor Ranga Road,13.03329205,80.26389524999999,secondary
Subbarayan Salai,13.032788875990194,80.26335642419939,residential
East Abhiramapuram 1st Street,13.03347285,80.26218370000001,residential
Doctor Ranga Road,13.033122,80.26198049999999,secondary
Abhiramapuram 4th Street,13.031196200000002,80.25190135,residential
T T Krishnamachari Road,13.03136795,80.2516981,secondary
Abhiramapuram 4th Street,13.03113145,80.2537066,residential
Abhiramapuram 4th Street,13.031168477670859,80.25271108593584,residential
Prithvi Av 2nd Street,13.030466334148079,80.2533429424224,residential
Abhiramapuram 4th Street,13.0310802,80.254475,residential
Abhiramapuram 4th Street,13.03113145,80.2537066,residential
Prithvi Avenue,13.0306764,80.2542438,residential
Subramani Street,13.030551299999999,80.25776339999999,residential
Abhiramapuram 4th Street,13.03082175,80.2577467,tertiary
Abhiramapuram 4th Street,13.03079075597825,80.25824664908805,tertiary
Sunderajan Street,13.0298501,80.25877175,residential
Abhiramapuram 4th Street,13.030774249999999,80.2587662,tertiary
Abhiramapuram 4th Street,13.03079075597825,80.25824664908805,tertiary
Abhiramapuram 4th Street,13.030946100000001,80.25599005000001,residential
CP Ramaswamy Road,13.030636000000001,80.2566266,secondary
Abhiramapuram 4th Street,13.030861267495142,80.25718590125749,tertiary
Warren Road,13.031516100000001,80.26022714999999,tertiary
CP Ramaswamy Street,13.0299569,80.2594875,residential
Abhiramapuram 4th Street,13.03078625,80.25980720000001,tertiary
Abhiramapuram 4th Street,13.030778099999997,80.25912,tertiary
Warren Road,13.030759549999999,80.2601871,tertiary
Abhiramapuram 4th Street,13.03078625,80.25980720000001,tertiary
Natesan Colony,13.0355,80.25933889999999,tertiary
Bakthavachalam Road,13.03530078185976,80.25984752657212,tertiary
Luz Church Road,13.038697599999999,80.25790375,secondary
Natesan Colony,13.035532100000001,80.2588406,tertiary
Bheemana Mudali 1st Street,13.03533825,80.2588614,residential
Bheemana Mudali 1st Street,13.03405025,80.25868679999999,residential
Doctor Ranga Road,13.033364599999999,80.2587967,secondary
Doctor Ranga Road,13.03334825,80.25840015,secondary
CV Raman Road,13.034735482258062,80.25804952368352,tertiary
CV Raman Road,13.034829258473518,80.2574400503609,tertiary
CP Ramaswamy Road,13.03592495,80.25744375,residential
D'Silva Lane,13.03691125,80.25981755000001,residential
d'Silva Road,13.036190364680103,80.26000425731725,tertiary
D'Silva Lane,13.03691125,80.25981755000001,residential
Desika Road,13.036511920594092,80.25856363957227,tertiary
Kabali Garden,13.035526350000001,80.26570319999999,residential
Kabali Garden,13.0353265,80.2656814,residential
Luz Avenue,13.035493299999999,80.26528235,residential
Luz Avenue,13.035362399999999,80.2661156,residential
Kabali Garden,13.0360964,80.2659621,residential
Kabali Garden,13.03607555,80.2657736,residential
East Abhiramapuram 1st Street,13.03507383839866,80.2624309198959,residential
Luz Avenue,13.035666936296055,80.26296560719224,residential
Luz Avenue 2nd Street,13.0352371,80.2638372,residential
Luz Avenue,13.03560255,80.26364975,residential
Ramachandra Road,13.03659322190029,80.26394908322044,residential
Luz Avenue,13.035559666701747,80.26438148621838,residential
Luz Avenue,13.035493299999999,80.26528235,residential
Justice Sundaram Road,13.035074419213895,80.26479741437873,residential
Luz Avenue,13.035559666701747,80.26438148621838,residential
Doctor Ranga Road,13.03329205,80.26389524999999,secondary
Venkatesa Agraharam Road,13.033296690583352,80.26424996994328,tertiary
Justice Sundaram Road,13.033646322974057,80.26433324023023,tertiary
2nd Street,13.03389545,80.26423654999999,residential
Justice Sundaram Road,13.0338835,80.2646434,tertiary
Justice Sundaram Road,13.033646322974057,80.26433324023023,tertiary
Narasimhapuram,13.03181105,80.26209025,residential
Subbarayan Salai,13.03161255,80.26205060000001,residential
Subbarayan Salai,13.03212087320162,80.26262241357566,residential
Subbarayan Salai,13.03161255,80.26205060000001,residential
Subbarayan Salai,13.030978065525543,80.26150174011322,residential
Subbarayan Salai,13.035688819977729,80.26732407309395,tertiary
Subbarayan Salai,13.0344041,80.265804,tertiary
Subbarayan Salai,13.03481336052977,80.266555669065,tertiary
Subbarayan Salai,13.0344041,80.265804,tertiary
Kabali Garden,13.034658017306782,80.2655801883341,residential
Subbarayan Salai,13.03414123837424,80.26511823599672,tertiary
Luz Avenue,13.03525765,80.26675575,residential
Subbarayan Salai,13.035688819977727,80.26732407309395,tertiary
Subbarayan Salai,13.034813360529771,80.26655566906501,tertiary
Luz Avenue 5th street,13.03601805,80.26241350000001,residential
Luz Avenue,13.0363765,80.26188635,residential
Luz Church Road,13.03762125,80.2640465,secondary
Luz Church Road,13.037521283407974,80.26356241203483,secondary
Luz Avenue,13.036649597192215,80.26304195478305,residential
Kennedy 1st Street,13.037736846611443,80.26314256733934,residential
Luz Church Road,13.037410758262082,80.26205919548137,secondary
East Abhiramapuram 1st Street,13.03347285,80.26218370000001,residential
East Abhiramapuram 1st Street,13.0340237,80.2622453,residential
3rd Street,13.033733999252417,80.2630780771565,residential
3rd Street,13.033907713661888,80.26162905014421,residential
East Abhiramapuram 1st Street,13.0340237,80.2622453,residential
East Abhiramapuram 1st Street,13.034338550000001,80.26230704999999,residential
2nd Street,13.034094483995753,80.26308807626039,residential
Luz Avenue,13.035781139973722,80.26100515782095,residential
Luz Avenue,13.035750451079137,80.26208933733352,residential
Luz Avenue,13.035781139973723,80.26100515782096,residential
Justice Sundaram Road,13.03447795,80.2647149,residential
Ramarao Road,13.034438040527474,80.26406417956322,residential
Justice Sundaram Road,13.034135886961813,80.26468682504621,residential
Justice Sundaram Road,13.0338835,80.2646434,tertiary
Justice Sundaram Road,13.034135886961813,80.26468682504621,residential
Subbarayan Salai,13.03414123837424,80.26511823599672,tertiary
Ranga Lane,13.033039549999998,80.2589654,residential
Ranga Lane,13.0325501,80.25895055,residential
Dr Ranga Road,13.032848278091494,80.25948799109459,residential
St. Mary's Road,13.02881465,80.25784705000001,secondary
Subramani Street,13.029552129062248,80.25774334844486,residential
St. Mary's Road,13.028869902734755,80.2571191502059,secondary
Abhiramapuram 3rd Street,13.031438099999999,80.2582798,residential
Abhiramapuram 3rd Street,13.03149735,80.2572309,residential
Abhiramapuram 1st Street,13.031908269542496,80.25777696071881,residential
Doctor Ranga Road,13.033320400000001,80.25801684999999,secondary
Doctor Ranga Road,13.0333095,80.25778065,secondary
Abhiramapuram 1st Street,13.032826100269913,80.25783104489935,residential
Abhiramapuram 3rd Street,13.0313783,80.25993255,residential
Abhiramapuram 3rd Street,13.031389950000003,80.25928855000001,residential
Krishnasamy Street,13.031580200000002,80.2596516,residential
Abhiramapuram 3rd Street,13.031389950000003,80.25928855000001,residential
Abhiramapuram 3rd Street,13.031401800000001,80.25887130000001,residential
Abhiramapuram 1st Street,13.032326198567832,80.25831920788865,residential
Abhiramapuram 1st Street,13.031908269542496,80.25777696071881,residential
Abhiramapuram 1st Street,13.032826100269913,80.25783104489935,residential
Warren Road,13.03108485,80.26020265,tertiary
Abhiramapuram 3rd Street,13.0313783,80.25993255,residential
Doctor Ranga Road,13.0333691,80.2590361,secondary
Doctor Ranga Road,13.033364599999999,80.2587967,secondary
Ranga Lane,13.033039549999998,80.2589654,residential
Kanni Koil Pallam,13.03238805,80.25921645,residential
Ranga Lane,13.0325501,80.25895055,residential
Abhiramapuram 1st Street,13.032342289584633,80.2588968452739,residential
RA Puram 1st Main Road,13.02808585,80.25512035,residential
1st Main Road,13.0276842,80.25383115,tertiary
4th Main Road,13.025792700000002,80.25775519999999,residential
RA Puram 3rd Cross Street,13.0264554,80.2570041,tertiary
RA Puram 4th Main Road,13.02568495,80.2571414,residential
RA Puram 3rd Cross Street,13.025406421914385,80.25764681141146,tertiary
4th Main Road,13.025792700000002,80.25775519999999,residential
4th Cross Street,13.0260699,80.25787274999999,residential
4th Main Road,13.025765382586423,80.25867118414149,residential
Sunderajan Street,13.0298501,80.25877175,residential
St. Mary's Road,13.0289185,80.2587894,secondary
St. Mary's Road,13.029012800000002,80.2591312,secondary
CP Ramaswamy Street,13.0299569,80.2594875,residential
St. Mary's Road,13.029115749999997,80.25949315,secondary
St. Mary's Road,13.029179150000001,80.25971975,secondary
RA Puram 2nd Main Road,13.02707805,80.2589087,secondary
1st Main Road,13.02735285,80.2579018,residential
RA Puram 2nd Main Road,13.02708161907843,80.25755071972051,secondary
Prithvi Avenue,13.0306764,80.2542438,residential
Prithvi Av 2nd Street,13.030466334148075,80.25334294242239,residential
Prithvi Avenue,13.02968116467789,80.25409098505644,residential
Bawa Street,13.031401599999997,80.25466725000001,residential
Abhiramapuram 4th Street,13.03103055,80.25475495,residential
Abhiramapuram 4th Street,13.0310802,80.254475,residential
CV Raman Road,13.03500925,80.2552493,secondary
Ananda Street,13.03464875,80.25486195,residential
Canal Bank Road,13.027994549999999,80.26030019999999,residential
Canal Bank Road,13.027469050000002,80.26008459999998,residential
RA Puram 1st Main Road,13.027762574014902,80.25921374977233,residential
RA Puram 1st Main Road,13.0276517,80.25804705,residential
1st Main Road,13.02735285,80.2579018,residential
1st Main Road,13.0278055,80.2579133,residential
3rd Main Road,13.026364099999999,80.25869895,residential
4th Cross Street,13.0267303,80.25743940000001,residential
4th Cross Street,13.0260699,80.25787274999999,residential
3rd Main Road,13.026364099999999,80.25869895,residential
Canal Bank Road,13.02604125287672,80.25952130183755,residential
Canal Bank Road,13.026730881561383,80.25981209431365,residential
4th Main Road,13.025765382586423,80.25867118414149,residential
Canal Bank Road,13.025268682682057,80.258626011508,residential
Canal Bank Road,13.02604125287672,80.25952130183755,residential
RA Puram 1st Main Road,13.028000250000002,80.25714185,residential
1st Main Road,13.0278055,80.2579133,residential
1st Main Road,13.028389700171182,80.25792929533206,residential
4th Cross Street,13.0267303,80.25743940000001,residential
RA Puram 2nd Main Road,13.027081619078427,80.25755071972051,secondary
RA Puram 2nd Main Road,13.027097754414859,80.25689216523631,secondary
Pasumpon Muthuramalingar Thevar Salai,13.0289690826603,80.24919960776181,secondary
Sriram Nagar North Street,13.032014199999999,80.24946935,residential
Sriram Nagar West Street,13.031678199999998,80.24945604999999,residential
Sriram Nagar North Street,13.031779975798669,80.25049951370356,residential
Cenotaph 1st Lane,13.02992515,80.2469612,residential
Cenotaph 1st Lane,13.030044799999999,80.24681415,residential
Ganapathy Colony Main Road,13.030074899999997,80.2470081,residential
Cenotaph 1st Lane,13.03050465,80.24625879999999,residential
Cenotaph Road,13.030253957583067,80.24580853041827,tertiary
Ganapathy Colony Main Road,13.03125905,80.24719495,residential
Cenotaph 2nd Lane,13.0315638,80.2475505,residential
Cenotaph 2nd Lane,13.031647760182853,80.24684915651464,residential
Ganapathy Colony Main Road,13.03043445,80.24710160000001,residential
Ganapathy Colony Main Road,13.030074899999997,80.2470081,residential
Ganpathy Colony 3rd Street,13.03010525,80.2476154,residential
TTK 1st Cross,13.0325148,80.2520743,tertiary
Tiruvellore Thattai Krishnamachariar 2nd Cross Street,13.033027449999999,80.2516263,residential
TTK 1st Cross,13.032686342412623,80.25064540858985,tertiary
Tiruvellore Thattai Krishnamachariar 2nd Cross Street,13.032056706160413,80.25158326147086,residential
Sriram Nagar North Street,13.031547750000001,80.25163875000001,residential
T T Krishnamachari Road,13.031743500000001,80.25197475,secondary
Sriram Nagar North Street,13.031547750000001,80.25163875000001,residential
Sriram Nagar North Street,13.031779975798669,80.25049951370356,residential
Tiruvellore Thattai Krishnamachariar 2nd Cross Street,13.032056706160413,80.25158326147086,residential
TTK 1st Cross,13.032941350000002,80.24959720000001,tertiary
3rd Street,13.033345895147722,80.24978489438864,residential
TTK 1st Cross,13.032686342412623,80.25064540858985,tertiary
1st Cross Street,13.034775250000001,80.24772635,residential
2nd Main Road,13.03463145,80.247867,residential
2nd Main Road,13.034861849999997,80.24789110000002,residential
2nd Main Road,13.0352131,80.24792465,residential
Kavingar Bharathidasan Road,13.03550049681665,80.24735735721126,secondary
Kavingar Bharathidasan Road,13.035416587830738,80.24868613473932,secondary
Kavingar Bharathidasan Road,13.035546100000001,80.2464865,secondary
1st Main Road,13.0352018,80.24673935,residential
Kavingar Bharathidasan Road,13.03550049681665,80.24735735721127,secondary
Kavingar Bharathidasan Road,13.03536015,80.2496151,secondary
3rd Main Road,13.0350917,80.2493667,residential
Kavingar Bharathidasan Road,13.035416587830738,80.24868613473932,secondary
Chitranjan Road,13.032994249999998,80.24890485,tertiary
TTK 1st Cross,13.032941350000002,80.24959720000001,tertiary
Kamatchi Nagar,13.032493208401235,80.24947566470306,residential
2ndCross Street,13.034886499999999,80.24860515,residential
2nd Main Road,13.034861849999997,80.24789110000002,residential
2nd Main Road,13.0352131,80.24792465,residential
2ndCross Street,13.034886499999999,80.24860515,residential
3rd Main Road,13.0350917,80.2493667,residential
3rd Main Road,13.034571,80.24927505,residential
Sriram Nagar North Street,13.032014199999999,80.24946935,residential
Kamatchi Nagar,13.032493208401235,80.24947566470306,residential
Sriram Nagar North Street,13.03201228664981,80.24912886561019,residential
T T Krishnamachari Road,13.03078655,80.2512633,secondary
"['Sriram Nagar South Street', 'Sriram Nagar West Street']",13.030894561413795,80.25011433162774,residential
Ganpathy Colony 3rd Street,13.03010525,80.2476154,residential
Masilamani Street,13.034704650000002,80.2508608,residential
Alwarpet 2nd Street,13.034377621356361,80.2511883011642,residential
"['Seethammal Colony 3rd Main Road', 'Masilamani Street']",13.034553379614307,80.25167012373032,residential
Masilamani Lane,13.0346926,80.25043529999999,residential
Thiruvalluvar Salai,13.03469805,80.2506851,tertiary
Thiruvalluvar Salai,13.03501955,80.2507357,tertiary
Masilamani Street,13.034704650000002,80.2508608,residential
Seethammal Colony 3rd Main Road,13.03398379343446,80.2532749771125,residential
T T Krishnamachari Road,13.034477844021641,80.2539645605872,secondary
3rd Cross Street,13.034418599999999,80.24854909999999,residential
2nd Main Road,13.03427365,80.24782015,residential
2nd Main Road,13.03463145,80.247867,residential
3rd Cross Street,13.034418599999999,80.24854909999999,residential
3rd Main Road,13.034571,80.24927505,residential
3rd Main Road,13.03409635,80.24919460000001,residential
Ratna Nagar,13.031826749977439,80.24505541064515,residential
Ratna Nagar,13.031529960035915,80.24554797963687,residential
1st Street,13.03115948620247,80.24522479976726,residential
3rd Street,13.030869,80.24478745,living_street
2nd Street,13.030523999999998,80.24489285,residential
2nd Street,13.03055625,80.24459540000001,residential
Alwarpet 2nd Street,13.033838450000001,80.25151410000001,residential
Alwarpet Street,13.03350805,80.25159665000001,tertiary
Alwarpet Street,13.033561328068764,80.25105838071053,tertiary
Alwarpet 2nd Street,13.033838450000001,80.25151410000001,residential
Alwarpet 2nd Street,13.034377621356361,80.2511883011642,residential
Nandanam Main Road,13.02765845,80.2450583,tertiary
Turnbulls Road,13.028483337340626,80.24553265438853,tertiary
5th Street,13.02791015,80.24253855,residential
Nandanam Main Road,13.028411550000001,80.2424964,tertiary
10th Street,13.0281193,80.24373105000001,residential
10th Street,13.027398949999998,80.24361875,residential
Nandanam Main Road,13.0280263,80.2434685,tertiary
3rd Street,13.0284985,80.2409645,residential
Nandanam Main Road,13.0288323,80.2408958,tertiary
Nandanam Main Road,13.0286193,80.24171140000001,tertiary
Nandanam Extension 1st Street,13.0289969,80.24191625,residential
Pasumpon Muthuramalingar Thevar Salai (Chamiers Road),13.0308665,80.24022595,secondary
Ganapathy Colony Main Road,13.03043445,80.24710160000001,residential
Ganapathy Colony Main Road,13.0307864,80.24715235,residential
Ganpathy Colony 3rd Street,13.030824740991662,80.24693545128807,residential
Nandanam Extension 1st Street,13.02969995,80.24209909999999,residential
Nandanam Extension 1st Street,13.0300364,80.24218435,residential
Pasumpon Muthuramalingar Thevar Salai (Chamiers Road),13.030198052419234,80.2417046010292,secondary
1st Street,13.03065125,80.2451083,residential
2nd Street,13.030523999999998,80.24489285,residential
Ganesapuram 1st Cross Street,13.03049310446504,80.24538724246938,residential
1st Street,13.03065125,80.2451083,residential
2nd Cross,13.0307162,80.24542335000001,residential
1st Street,13.03115948620247,80.24522479976726,residential
Nandanam Main Road,13.028695150000003,80.2414417,tertiary
3rd Street,13.0284985,80.2409645,residential
3rd Street,13.02792376605302,80.24092154561545,residential
10th Street,13.027398949999998,80.24361875,residential
Nandanam Main Road,13.02856035,80.24194735,tertiary
Turnbulls 1st Main Road,13.028260249999999,80.24683695,tertiary
Turnbulls 1st Cross,13.028607749999999,80.24673240000001,residential
Turnbulls 1st Main Road,13.028921957496442,80.24731482996603,tertiary
Archbishop Mathias Road,13.02731238088852,80.24546510332753,tertiary
Corporation Park Road,13.026511844201767,80.24574517316432,residential
Turnbulls 1st Cross,13.028782999999999,80.2460575,residential
Turnbulls Road,13.028671299999997,80.2457316,tertiary
Nandanam Extension 1st Street,13.0289969,80.24191625,residential
Nandanam Extension 1st Street,13.02969995,80.24209909999999,residential
6th Street,13.029123478725701,80.2423793218057,residential
2nd Street,13.029264429478465,80.24152869675197,residential
3rd Street,13.029490000000001,80.2409256,residential
Nandanam Main Road,13.028925999999998,80.2405422,tertiary
10th Street,13.02932605,80.2438904,residential
10th Street,13.028830750000001,80.24383505,residential
9th Street,13.0290809,80.24361725,residential
"['12th Street', '11th Street']",13.028926834685715,80.2446595395682,residential
2nd Street,13.0304277,80.24072100000001,residential
Pasumpon Muthuramalingar Thevar Salai (Chamiers Road),13.03071575,80.24055064999999,secondary
Pasumpon Muthuramalingar Thevar Salai (Chamiers Road),13.030504,80.24100235,secondary
3rd Street,13.030257996659136,80.24116102870028,residential
2nd Street,13.029613050000002,80.24050650000001,residential
"['Nandanam Main Road', 'Lotus Colony 1st Street']",13.029551804453597,80.24005313915208,tertiary
Adayar River road,13.027250550000002,80.24098265,residential
3rd Street,13.02792376605302,80.24092154561544,residential
"['5th Street', '4th Street']",13.02746689367312,80.24176643020658,residential
Boat Club Road,13.0254276,80.25063885,residential
Sathya Narayana Avenue,13.024476737301113,80.2510449959178,residential
Boat Club Road,13.02476904232761,80.2503810692525,residential
Boat Club Road,13.02781785,80.25155225,residential
Boat Club Road,13.027683,80.2514654,residential
Pasumpon Muthuramalingar Thevar Salai,13.028295941178559,80.25065964843813,secondary
Boat Club Road,13.0241765,80.25014494999999,residential
Sathya Narayana Avenue,13.024476737301114,80.25104499591781,residential
"['Boat Club 3rd Avenue', 'Adyar Gate Club Road', 'Boat Club Road']",13.02397300846703,80.24884489749532,residential
Crescent Street,13.026952754542204,80.24751594011914,residential
Archbishop Mathias Road,13.026822137311298,80.24638679851861,tertiary
Archbishop Mathias Road,13.028025663365439,80.24776351223245,tertiary
Archbishop Mathias Road,13.028155850000001,80.2481596,tertiary
Archbishop Mathias Road,13.027986813412129,80.24867085544967,tertiary
Adyar Gate Club Road,13.027557737165893,80.2488434715754,residential
Pasumpon Muthuramalingar Thevar Salai,13.02561255,80.25316435,tertiary
6th Main Road,13.025035595665805,80.25382492112229,residential
Pasumpon Muthuramalingar Thevar Salai,13.024895040238071,80.25286013404181,tertiary
RA Puram 1st Cross Street,13.0254987,80.2546571,residential
RA Puram 1st Cross Street,13.025049550000002,80.2546427,residential
5th Main Road,13.0251834,80.2557477,residential
RA Puram 1st Cross Street,13.024758049999999,80.25463655,residential
RA Puram 1st Cross Street,13.024459749999998,80.2546352,residential
6th Main Road,13.024602349999999,80.25571744999999,residential
RA Puram 1st Cross Street,13.02366885,80.25462010000001,residential
RA Puram 1st Cross Street,13.024174700068297,80.25462919677565,residential
7th Main Road,13.0240469402885,80.25568081559676,residential
6th Main Road,13.024602349999999,80.25571744999999,residential
RA Puram 2nd Cross Street,13.02485795,80.2568201,residential
RA Puram 2nd Cross Street,13.0243566,80.256756,residential
5th Main Road,13.0251834,80.2557477,residential
RA Puram 2nd Cross Street,13.02535305,80.2568466,residential
RA Puram 2nd Cross Street,13.02485795,80.2568201,residential
Canal Bank Road,13.022768046701728,80.25312672757718,residential
Chamiers Road,13.023631572259324,80.25275733389122,tertiary
Greenways Road,13.02251929948582,80.25283834499699,tertiary
RA Puram 1st Cross Street,13.025049550000002,80.2546427,residential
RA Puram 1st Cross Street,13.024758049999999,80.25463655,residential
6th Main Road,13.025035595665805,80.25382492112229,residential
Canal Bank Road,13.022768046701728,80.25312672757718,residential
Canal Bank Road,13.023061754299853,80.25402292378202,residential
RA Puram 1st Cross Street,13.02366885,80.25462010000001,residential
Canal Bank Road,13.023061754299853,80.25402292378202,residential
Canal Bank Road,13.02362911442594,80.25569198878853,residential
RA Puram 2nd Cross Street,13.0243566,80.256756,residential
7th Main Road,13.024046940288503,80.25568081559679,residential
Canal Bank Road,13.023629114425944,80.25569198878853,residential
Canal Bank Road,13.024528406108331,80.2573297372584,residential
RA Puram 3rd Cross Street,13.025406421914385,80.25764681141146,tertiary
Canal Bank Road,13.02452840610833,80.2573297372584,residential
Kamarajar Salai,13.024573694629861,80.25810260655327,tertiary
Canal Bank Road,13.025268682682057,80.25862601150801,residential
3rd Main Road,13.02637825,80.255334,residential
1st Cross Street,13.026124249999999,80.25418095,residential
1st Cross Street,13.02677225,80.25429545,residential
3rd Main Road,13.02637825,80.255334,residential
RA Puram 2nd Cross Street,13.02671695,80.2562206,residential
RA Puram 2nd Cross Street,13.026035599999998,80.25664245,residential
RA Puram 2nd Main Road,13.027094850000001,80.25629085,secondary
RA Puram 2nd Cross Street,13.02671695,80.2562206,residential
RA Puram 2nd Main Road,13.027103809170981,80.25518190694693,secondary
1st Cross Street,13.02677225,80.25429545,residential
RA Puram 2nd Main Road,13.0271469,80.25424125,secondary
RA Puram 2nd Main Road,13.027103809170981,80.25518190694693,secondary
RA Puram 4th Main Road,13.0258069,80.25439539999999,residential
RA Puram 4th Main Road,13.0259271,80.253719,residential
1st Cross Street,13.026124249999999,80.25418095,residential
RA Puram 4th Main Road,13.0257528,80.25575699999999,residential
RA Puram 2nd Cross Street,13.026035599999998,80.25664245,residential
RA Puram 2nd Cross Street,13.02564305,80.25685,residential
RA Puram 1st Cross Street,13.0254987,80.2546571,residential
RA Puram 4th Main Road,13.0257528,80.25575699999999,residential
RA Puram 4th Main Road,13.0258069,80.25439539999999,residential
RA Puram 4th Main Road,13.0259271,80.253719,residential
Pasumpon Muthuramalingar Thevar Salai,13.02561255,80.25316435,tertiary
Chamiers Road,13.026576733911728,80.25357014081254,tertiary
Turnbulls 1st Cross,13.028510599999999,80.24633845,residential
Turnbulls 1st Cross,13.028782999999999,80.2460575,residential
Turnbulls 1st Cross,13.028607749999999,80.24673240000001,residential
Turnbulls 1st Cross,13.028510599999999,80.24633845,residential
Turnbulls 1st Cross,13.0283989,80.24601255,residential
Kamarajar Street,13.037273850000002,80.2507699,residential
Kamarajar Street,13.037397070531094,80.24999083513774,residential
Boat Club 2nd Avenue,13.02503765,80.24928415,residential
Adyar Gate Club Road,13.026551795660286,80.24855267050233,residential
"['Boat Club 3rd Avenue', 'Adyar Gate Club Road', 'Boat Club Road']",13.023973008467031,80.24884489749532,residential
Turnbulls 1st Cross,13.0283989,80.24601255,residential
Turnbulls Road,13.028016771931341,80.24563895408737,tertiary
Periyar Road,13.0375007,80.2488032,residential
Periyar Road,13.03740445,80.2487911,residential
Venkatraman Street,13.0375594,80.248257,residential
Eldams Road,13.039168,80.24873215,secondary
Periyar Road,13.038507493091021,80.24896795933259,residential
Periyar Road,13.037713499999999,80.24882895,residential
Periyar Road,13.0375007,80.2488032,residential
Kamarajar Street,13.037496781716484,80.24919580919435,residential
Periyar Road,13.037713499999999,80.24882895,residential
Muthalaiy Andhan Garden,13.037933200000001,80.24847,residential
Periyar Road,13.038507493091021,80.24896795933259,residential
Kamarajar Street,13.03785132441732,80.249256416199,residential
Periyar Road,13.03740445,80.2487911,residential
Crescent Street,13.026952754542204,80.24751594011913,residential
Archbishop Mathias Road,13.027316039601187,80.24703666028756,tertiary
Boat Club 1st Avenue,13.0263976,80.2496905,residential
Adyar Gate Club Road,13.027557737165893,80.2488434715754,residential
Adyar Gate Club Road,13.026551795660286,80.24855267050233,residential
Boat Club 1st Avenue,13.0263976,80.2496905,residential
Boat Club Road,13.0254276,80.25063885,residential
Boat Club Road,13.026557491603606,80.25103142802955,residential
Boat Club 2nd Avenue,13.02503765,80.24928415,residential
Boat Club Road,13.0241765,80.25014494999999,residential
Boat Club Road,13.02476904232761,80.2503810692525,residential
Corporation Park Road,13.02651184420177,80.24574517316434,residential
1st Main Road,13.03599885,80.2535972,residential
2nd Cross,13.035839200000002,80.25314095,residential
1st Cross,13.036353,80.25318175,residential
1st Main Road,13.03651565,80.25363819999998,residential
Appaduarai Street,13.03587935,80.2523286,residential
Appaduarai Street,13.035941416054085,80.25143099434597,residential
Raja Naicken Thottam,13.036307322610789,80.25201425673451,residential
Kavingar Bharathidasan Road,13.035166050000003,80.2533628,secondary
1st Main Road,13.035483800000002,80.25357170000001,residential
1st Cross,13.0363993,80.2526633,residential
1st Cross,13.036353,80.25318175,residential
2nd Main Road,13.03612935,80.25271910000001,residential
Appaduarai Street,13.03587935,80.2523286,residential
2nd Main Road,13.0355337,80.2526776,residential
2nd Main Road,13.03612935,80.25271910000001,residential
2nd Cross,13.035839200000002,80.25314095,residential
Bharathiyar Street,13.036570900000001,80.25067225000001,living_street
Thiruvalluvar Salai,13.0362575,80.25095404999999,tertiary
Bharathiyar Street,13.036455282124914,80.25130828457091,living_street
Thiruvalluvar Salai,13.036696240121698,80.25105648554661,tertiary
Bharathiyar Street,13.03672375,80.24990385,living_street
Bharathiyar Street,13.036673,80.2501732,living_street
Thiruvalluvar Salai,13.0362575,80.25095404999999,tertiary
Thiruvalluvar Salai,13.035659991478536,80.25084206145958,tertiary
Appaduarai Street,13.035941416054085,80.25143099434597,residential
Bakhtavachalam Street,13.036225496064121,80.25047412855741,residential
VOC Street,13.036952949999998,80.25072545,residential
Thiruvalluvar Salai,13.03692925,80.25110325,tertiary
Thiruvalluvar Salai,13.036696240121698,80.25105648554661,tertiary
Kamarajar Street,13.038779,80.2482685,living_street
Eldams Road,13.03926725,80.2480473,secondary
Eldams Road,13.0390619,80.24951275000001,secondary
VOC Street,13.0370512,80.25009935,residential
Kamarajar Street,13.03784725,80.2499401,living_street
Kamarajar Street,13.03775295,80.24979834999999,residential
Kamarajar Street,13.03815425,80.24812600000001,living_street
Muthalaiy Andhan Garden,13.037990950000001,80.24779275,residential
Muthalaiy Andhan Garden,13.037933200000001,80.24847,residential
Eldams Road,13.03892585,80.25045915,secondary
Bishop Wallace South Avenue,13.0434261,80.2599982,residential
TTK Road,13.043259904325664,80.25959707887047,secondary
CIT Colony 1st Main Road,13.04298065,80.2611736,residential
CIT Colony 1st Main Road,13.0427247,80.26116590000001,residential
CIT Colony 1st Cross Street,13.042727321795521,80.26242077090438,residential
6th Cross Street,13.03998045,80.25871765,residential
Musiri Subramanium Road,13.0393112,80.26160965,secondary
CIT Colony 1st Main Road,13.0395769,80.2612641,residential
Cenotaph 1st Street,13.033787549999998,80.24982745,tertiary
Cenotaph 1st Street,13.033824729500026,80.24946490806114,tertiary
3rd Street,13.034573043606434,80.24980592890178,residential
Musiri Subramanium Road,13.039559470563084,80.26255163331413,secondary
2nd Link Street,13.039723479855153,80.26179740132473,residential
2nd Link Street,13.04100115,80.26137105,residential
Kattu Koil Street,13.04098635,80.2618554,living_street
2nd Link Street,13.04052895775405,80.26163665794412,residential
CIT Colony 1st Main Road,13.041301149999999,80.2611095,residential
2nd Link Street,13.04100115,80.26137105,residential
4th Cross Street,13.0410454,80.26036255,residential
CIT Colony 1st Main Road,13.040727310674193,80.26107234025295,residential
CIT Colony 1st Main Road,13.04298065,80.2611736,residential
Bishop Wallace South Avenue,13.043253282495696,80.26076566827665,residential
Bishop Wallers East Av,13.044071448871762,80.26138765500994,residential
Lambeth Avenue,13.031806099999999,80.2540582,residential
Bawa Street,13.031401599999997,80.25466725000001,residential
Bawa Street,13.032610417776453,80.25474076762927,residential
Lambeth Avenue,13.031806099999999,80.2540582,residential
CV Raman Road,13.0349623,80.25576135,secondary
Sri Lapthi Colony,13.0354949472509,80.25567557007068,residential
Sri Lapthi Colony,13.0354949472509,80.25567557007068,residential
CV Raman Road,13.0349119,80.25643915,secondary
Ashoka Street,13.034567,80.255893,residential
Bheemana Garden Street,13.03344075,80.25530125,residential
Bheemana Garden Street,13.0333835,80.25604960000001,residential
Ashoka Street,13.033796949999997,80.255841,residential
Sriram Colony,13.033128,80.2557895,residential
Kamarajar Street,13.037273850000002,80.2507699,residential
Thiruvalluvar Salai,13.03709155,80.25112535,tertiary
Thiruvalluvar Salai,13.03800215,80.25125875000002,tertiary
Seethammal Road,13.037203550000001,80.2514646,residential
Sheshadri Road,13.040685100000001,80.25619645,residential
Sriman Srinivasan Road,13.04097315,80.25668854999999,residential
Sriman Srinivasan Road,13.041041384901186,80.25590984862646,residential
Kasturi Rangan Road,13.041599298189132,80.25632311471169,residential
Royapettah High Road,13.05385485,80.26413764999998,secondary
Peters Road,13.053855219886108,80.26499510530367,secondary
Dr Radhakrishnan Salai,13.044653799999999,80.26682395,primary
Thiru Vi Ka Sundaram High Road,13.045023043755998,80.26666709251329,tertiary
Luz Church Lane,13.0380568,80.26306895,residential
Kennedy 1st Street,13.038877452535798,80.2633457786006,residential
Luz Church Lane,13.037873443997968,80.26368063565039,residential
Kennedy 1st Street,13.037736846611443,80.26314256733936,residential
Crescent Park Street,13.037742550000003,80.23840295,residential
Thanikachalam Road,13.03739505,80.2395751,secondary
Mylai Ranganathan Street,13.0370114,80.23812645,residential
Thanikachalam Road,13.03659115,80.2394794,secondary
Thanikachalam Road,13.0357497,80.2393667,secondary
Baganantham Street,13.03613149507162,80.23866665285632,residential
Baganantham Street,13.03617113208009,80.23774852403504,residential
Baganantham Street,13.03613149507162,80.23866665285632,residential
Rajambal Street,13.035626799604515,80.23821437770037,residential
Baganantham Street,13.0358766,80.2372352,residential
Venkatanarayana Road,13.036241098160602,80.23652439715816,secondary
Baganantham Street,13.0358766,80.2372352,residential
Baganantham Street,13.036171132080092,80.23774852403503,residential
Rajambal Street,13.035626799604515,80.23821437770037,residential
Dr Thomas Street,13.034905950000002,80.2422454,residential
Maloney Road,13.03496875,80.24185395,tertiary
Doctor Shivaji Ganesan Road,13.0344383,80.24183335000001,tertiary
Doctor Shivaji Ganesan Road,13.035439207698802,80.24247005112788,tertiary
Doctor Shivaji Ganesan Road,13.0337663,80.24125945,tertiary
Doctor Shivaji Ganesan Road,13.03298607409128,80.24024117366687,residential
Neelakanta Mehta Street,13.036996750000002,80.2412408,residential
Doctor Shivaji Ganesan Road,13.036537899999999,80.2428683,tertiary
Doctor Shivaji Ganesan Road,13.036902202503658,80.24294887964753,tertiary
Vaithyaram Street,13.0361553,80.2410742,residential
Doctor Shivaji Ganesan Road,13.03611995,80.24275044999999,tertiary
Doctor Shivaji Ganesan Road,13.035439207698802,80.24247005112787,tertiary
Krishna Rao Street,13.03903025,80.24307185,residential
Doctor Shivaji Ganesan Road,13.03875515,80.24335740000001,tertiary
Doctor Shivaji Ganesan Road,13.039413161696583,80.24368457962119,tertiary
Vaithyaram Street,13.0361553,80.2410742,residential
Thanikachalam Road,13.0361923,80.2394237,secondary
Saravanan Street,13.037958249999997,80.241374,residential
Doctor Shivaji Ganesan Road,13.0380436,80.24313649999999,tertiary
Doctor Shivaji Ganesan Road,13.037558900000002,80.24304755,tertiary
"['Dr Thomas 1st Street', 'Dr Thomas Street']",13.03764255203938,80.24385694901993,residential
Arcot Street,13.03868385,80.240091,residential
Thanikachalam Road,13.038534250000003,80.23971764999999,secondary
Neelakanta Mehta Street,13.036996750000002,80.2412408,residential
Thanikachalam Road,13.037014650000001,80.23952815,secondary
Saravanan Street,13.037958249999997,80.241374,residential
Thanikachalam Road,13.0378779,80.23963749999999,secondary
Basudev Street,13.0398248,80.24031425000001,residential
Thanikachalam Road,13.0394829,80.23982735,secondary
Basudev Street,13.0398248,80.24031425000001,residential
Daniel Street,13.04002695,80.2407819,residential
Daniel Street,13.039549000000001,80.24073630000001,residential
Arcot Street,13.03868385,80.240091,residential
Arcot Street,13.038516699999999,80.24153325,residential
Krishna Rao Street,13.039057958368728,80.24050277770003,residential
Arcot Street,13.038738149999999,80.2426695,residential
Arcot Street,13.038516699999999,80.24153325,residential
Arcot Street,13.03835785,80.2429148,residential
Krishna Rao Street,13.0392011,80.2417144,residential
Daniel Street,13.039549000000001,80.24073630000001,residential
Krishna Rao Street,13.039057958368728,80.24050277770003,residential
Krishna Rao Street,13.0392011,80.2417144,residential
Krishna Rao Street,13.03903025,80.24307185,residential
Arcot Street,13.038738149999999,80.2426695,residential
Hindi Prachar Sabha Road,13.034052720883652,80.23942764368721,tertiary
Dr Thomas 2nd Street,13.03612755,80.2433249,residential
Dr Thomas Street,13.03592395,80.24377975,residential
Dr Thomas Street,13.036198809162064,80.24397533964402,residential
Girappa Road,13.040324398721657,80.2454394077067,residential
Sir Thyagaraya Road,13.03957661327527,80.24562757986527,secondary
Dr Thomas Street,13.03819755,80.2444748,residential
Dr Thomas Street,13.039033267700493,80.24486484782678,residential
Raman Street,13.0410434,80.24509040000001,residential
Girappa Road,13.041941282326977,80.24613306352381,residential
Dr Thomas Street,13.03819755,80.2444748,residential
"['Dr Thomas 1st Street', 'Dr Thomas Street']",13.03764255203938,80.24385694901993,residential
Dr Thomas 2nd Street,13.03612755,80.2433249,residential
Doctor Shivaji Ganesan Road,13.036537899999999,80.2428683,tertiary
Doctor Shivaji Ganesan Road,13.03611995,80.24275044999999,tertiary
Rangoon Street,13.035668900000001,80.24528935000001,residential
Rangoon Street,13.035737906203613,80.24484749740031,residential
Alaiamman Koil Street,13.038049049999998,80.24544825000001,residential
Alaiamman Koil Street,13.038301638435081,80.24579376774464,residential
Shastri Street,13.0278661,80.22692905,residential
70 Feet Road,13.027960917119744,80.22658626923447,secondary
Reddy Kuppam Road,13.02853725,80.22403969999999,secondary
Reddy Kuppam Road,13.028740773761665,80.22404726474457,secondary
Reddy Kuppam Road,13.028740773761665,80.22404726474457,secondary
Reddy Kuppam Road,13.02997733179799,80.2242902452597,secondary
Vandiakran Street,13.028963048914129,80.22397999834384,secondary
Reddy Kuppam Road,13.02997733179799,80.2242902452597,secondary
Govindan Road,13.031181639114964,80.2241389453796,secondary
Govindan Road,13.031510749999999,80.2223767,secondary
Govindan Road,13.031292068788659,80.22291497031695,secondary
Reddy Kuppam Street,13.028139399999999,80.2240133,tertiary
Reddy Kuppam Street,13.028336549999999,80.22401740000001,tertiary
Rajaji Street,13.0275055,80.2230143,residential
Reddy Kuppam Street,13.027388101523618,80.2240714224331,tertiary
Reddy Kuppam Street,13.02777720044203,80.22403920439756,tertiary
Reddy Kuppam Street,13.026730149999999,80.22412059999999,tertiary
Reddy Kuppam Street,13.0270044,80.22409525,tertiary
Nethaji Street,13.02678195,80.22305345,residential
Reddy Kuppam Street,13.0264122,80.2241716,tertiary
Reddy Kuppam Road,13.02598965,80.22423475,residential
Sadayappan Street,13.026071449064995,80.22298708386975,residential
Hospital Road,13.0301428,80.22611835000001,residential
New Boag Road,13.030517239661,80.22650254461507,residential
70 Feet Road,13.0297678,80.2273911,secondary
Hospital Road,13.029785579488184,80.22799113008132,residential
Gandhi Street,13.0286521,80.22577319999999,residential
Gandhi Street,13.028416,80.2271207,residential
70 Feet Road,13.028246250000002,80.2271326,secondary
North Road,13.028359047875469,80.22754118283635,residential
West Road,13.028096049999998,80.22789829999999,residential
North Road,13.028800226286977,80.22901165190122,residential
North Road,13.028359047875469,80.22754118283635,residential
Gandhi Street,13.02852035,80.22651995000001,residential
Gandhi Street,13.0286521,80.22577319999999,residential
2nd Street,13.028794350000002,80.22601045,residential
2nd Street,13.028416349780493,80.2259246395552,residential
Hospital Road,13.0300172,80.22683465,residential
Hospital Road,13.0301428,80.22611835000001,residential
2nd Street,13.02996215,80.22630165000001,residential
2nd Street,13.029188900000001,80.22611425000001,residential
2nd Street,13.028794350000002,80.22601045,residential
2nd Street,13.02961185,80.226224,residential
2nd Street,13.029188900000001,80.22611425000001,residential
2nd Street,13.02996215,80.22630165000001,residential
2nd Street,13.02961185,80.226224,residential
East Road,13.027260582013252,80.23021625031018,residential
East Road,13.0292006,80.2301245,residential
East Road,13.028665099999998,80.2301753,residential
1st Cross Street,13.028313212768495,80.22905280396898,residential
West Road,13.02760075,80.22785435,residential
West Road,13.028096049999998,80.22789829999999,residential
1st Cross Street,13.028313212768495,80.22905280396898,residential
West Road,13.027166550000002,80.22781455,residential
West Road,13.02627173975052,80.2286279194944,residential
West Road,13.027166550000002,80.22781455,residential
West Road,13.02760075,80.22785435,residential
2nd Cross Street,13.027550798489644,80.22876035823283,residential
2nd Cross Street,13.028175099999999,80.2299106,residential
East Road,13.028665099999998,80.2301753,residential
East Road,13.02726058201325,80.23021625031018,residential
Muthurangam Road,13.030019400000002,80.2285984,residential
Muthurangam Road,13.029410649999999,80.22857020000001,residential
Hospital Road,13.02966705,80.22871935,residential
Hospital Road,13.029785579488184,80.22799113008132,residential
Muthurangam Road,13.029410649999999,80.22857020000001,residential
Hospital Road,13.0296423,80.22899269999999,residential
Hospital Road,13.02966705,80.22871935,residential
Hospital Road,13.0296423,80.22899269999999,residential
New Boag Road,13.0303362,80.2287557,secondary
New Boag Road,13.0303199,80.2290224,secondary
2nd Street,13.031044699999999,80.2280564,residential
Muthurangam Road,13.03113565,80.22869125,residential
Muthurangam Road,13.030819399999999,80.22866315,residential
2nd Street,13.031044699999999,80.2280564,residential
Muthurangam Road,13.0314871,80.22873100000001,residential
Muthurangam Road,13.03113565,80.22869125,residential
New Corporation Colony 1st Street,13.031361657211816,80.22805190565649,residential
New Corporation Colony 1st Street,13.031361657211816,80.22805190565649,residential
New Corporation Colony 1st Street,13.031368603659311,80.22677998251918,residential
Muthurangam Road,13.031868049999998,80.22879230000001,residential
Muthurangam Road,13.0314871,80.22873100000001,residential
Siddhi Vinayagar Koil Street,13.031738801733828,80.22765863605979,residential
Muthurangam Road,13.03226535,80.2288524,residential
Muthurangam Road,13.031868049999998,80.22879230000001,residential
Bhajanai Koil Street,13.032149182038832,80.22772997395799,residential
Bhajanai Koil Street,13.032086333241391,80.2293264804983,residential
Muthurangam Road,13.03289975,80.22892555,residential
Muthurangam Road,13.03226535,80.2288524,residential
Varadarajan Street,13.032619521564472,80.2277453973965,residential
Muthurangam Road,13.03289975,80.22892555,residential
Madley 2nd Street,13.033493405583986,80.2281966381779,residential
Muthurangam Road,13.033638928339663,80.22901208844823,residential
Madley 2nd Street,13.0333026830381,80.22726274471955,residential
Madley 2nd Street,13.033493405583986,80.2281966381779,residential
Varadarajan Street,13.032619521564472,80.22774539739652,residential
Madley 1st Street,13.034327572484807,80.22808479291776,"['living_street', 'residential']"
Muthurangam Road,13.034587601133856,80.22912249602277,residential
Muthurangam Road,13.033638928339663,80.22901208844823,residential
Bhajanai Koil Street,13.032086333241393,80.2293264804983,residential
Bhajanai Koil Street,13.032042700301108,80.23019695550741,residential
Police Quarters Road,13.033619261891241,80.22973252119753,residential
Natesan Street,13.0368526,80.22788985,residential
Ranganathan Street,13.0375204,80.22820725,residential
Natesan Street,13.03675115,80.22816445000001,residential
Natesan Street,13.0368526,80.22788985,residential
Thukkaram 1st Street,13.036050969678312,80.22786407507732,living_street
Thukkaram 1st Street,13.036050969678312,80.22786407507733,living_street
Natesan Street,13.036667,80.22839479999999,residential
Natesan Street,13.03675115,80.22816445000001,residential
Thukkaram 2nd Street,13.035996209478526,80.22815362027237,living_street
Natesan Street,13.036106549999998,80.2301668,residential
Natesan Street,13.036421,80.22918885,residential
Guild Street,13.035930749999999,80.2297826,residential
Guild Street,13.035930749999999,80.2297826,residential
Guild Street,13.03540898307905,80.22963922855146,residential
Postal Colony,13.03577179703354,80.22921118060508,living_street
Postal Colony,13.03577179703354,80.22921118060508,living_street
Natesan Street,13.036421,80.22918885,residential
Natesan Street,13.036667,80.22839479999999,residential
Thukkaram 3rd Street,13.035969332923937,80.22841374450533,living_street
Ranganathan Street,13.0375204,80.22820725,residential
Ranganathan Street,13.03711585,80.2295411,residential
Rameswaram Street,13.037898532977405,80.22852847413144,residential
Lakshmi Narasimman Street,13.0407639,80.23104395,residential
Doraiswamy Road,13.040819504919392,80.23063105881788,secondary
Mambalam High Road,13.04123195,80.22893885,tertiary
Mambalam High Road,13.0421687,80.2291701,tertiary
Mambalam High Road,13.04123195,80.22893885,tertiary
Rameswaram Street,13.04064465,80.22923085,residential
Rameswaram Street,13.039756422668423,80.22900205509781,residential
Rameswaram Street,13.038817345766434,80.22876336651372,residential
Rangan Street,13.039000068959966,80.23007466621699,residential
Rameswaram Street,13.04064465,80.22923085,residential
Mangesh Street,13.040290359611753,80.22885869715293,residential
Mangesh Street,13.04000427300841,80.23034021493473,residential
Rameswaram Street,13.039756422668423,80.22900205509781,residential
Maharajapuram Santhanam Salai,13.0430003,80.22966495,residential
Mambalam High Road,13.0421687,80.2291701,tertiary
Mambalam High Road,13.04345015,80.22949215,tertiary
Gandhi Street,13.0443562,80.23030735,residential
Mambalam High Road,13.044175399999999,80.22968465,tertiary
Mambalam High Road,13.044821750000002,80.2298826,tertiary
Mambalam High Road,13.0477302,80.2303872,tertiary
Bazullah Road,13.047559701317669,80.23155506725142,tertiary
Mambalam High Road,13.046818655696091,80.23026024195083,tertiary
Unnamalai Ammal Street,13.049831600000003,80.23213165,residential
Mambalam High Road,13.049695400000001,80.2306837,tertiary
Mambalam High Road,13.050413992634324,80.23079936451488,tertiary
Mambalam High Road,13.051868949999998,80.2312779,tertiary
Mambalam High Road,13.0526626,80.2315213,tertiary
Parthasaratypuram Extn,13.052024738425601,80.2323420392887,residential
Kolamamani Street,13.053106849999999,80.23180835,residential
Mambalam High Road,13.0526626,80.2315213,tertiary
Mambalam High Road,13.053429404505783,80.23173408248573,tertiary
Mamabalam Highway,13.05406655,80.23187984999998,tertiary
Mambalam High Road,13.05384045514432,80.23184088062469,tertiary
Dr MGR Salai,13.053873314947852,80.234311771781,primary
Vasan Street,13.043527400000002,80.2315128,residential
North Usman Road,13.0441009327596,80.23234829334027,tertiary
Mambalam High Road,13.04345015,80.22949215,tertiary
Mambalam High Road,13.044175399999999,80.22968465,tertiary
Nehru Street,13.043723925015334,80.23016905086024,residential
Bazullah Road,13.04691475,80.23647185,secondary
Bazullah Road,13.04702545,80.2359082,secondary
Raghaviah Road,13.04667625,80.235956,tertiary
Arulambal Street,13.04691595,80.23836025,residential
Arulambal Street,13.046200950000001,80.2381777,residential
Bazullah Road,13.04646835,80.2386122,secondary
Bazullah Road,13.046682749999999,80.23758615,secondary
Mambalam High Road,13.048146399999998,80.2304488,tertiary
Mambalam High Road,13.0487737,80.2305431,tertiary
Chari Street,13.04839362813824,80.23149753953764,residential
Ramakrishna Street,13.0492558,80.2313745,residential
Mambalam High Road,13.049208199999999,80.2306102,tertiary
Mambalam High Road,13.049695400000001,80.2306837,tertiary
Mambalam High Road,13.0508836,80.230915,tertiary
Theagaraaya Gramani Street,13.050629805176557,80.23230435130573,residential
Mambalam High Road,13.05126294272948,80.23106596977638,tertiary
Mambalam High Road,13.051868949999998,80.2312779,tertiary
Habibullah Road,13.05122957042249,80.23247782695589,residential
Mambalam High Road,13.05126294272948,80.23106596977638,tertiary
Mamabalam Highway,13.05389325,80.23279735,tertiary
"['Pillaiyar Koil Street', 'Kolamamani Street']",13.05316655212657,80.2327463457587,residential
Kolamamani Street,13.05306505,80.23197815,residential
Kolamamani Street,13.053106849999999,80.23180835,residential
Balu Street,13.053690249999999,80.231965,residential
Balu Street,13.053624200091319,80.23243851572457,residential
Balu Street,13.053690249999999,80.231965,residential
Mambalam High Road,13.053429404505783,80.23173408248573,tertiary
Mambalam High Road,13.05384045514432,80.23184088062469,tertiary
Parthasaratypuram Extn,13.051757,80.2336183,residential
Parthasaratypuram,13.05204575,80.23335374999999,residential
Parthasaratypuram Extn,13.0520247384256,80.23234203928868,residential
Periyar Road,13.052275900000001,80.2358282,residential
Periyar Road,13.052829550700881,80.23598709743206,residential
Porur Somasundaram Street,13.052803358403745,80.23518088913228,residential
Periyar Road,13.05167205,80.2356293,residential
Periyar Road,13.052275900000001,80.2358282,residential
Padmanabha Street,13.051905300000001,80.23598045,residential
Padmanabha Street,13.05217185,80.2349975,residential
Padmanabha Street,13.051836699999999,80.2364531,residential
Sivasailam Street,13.0516814,80.23666075,residential
Sivasailam Street,13.052315055325785,80.23679355854921,residential
Periyar Road,13.05102605,80.235413,residential
Periyar Road,13.05167205,80.2356293,residential
kannaiah Street,13.051590309989226,80.23480784375901,residential
Ramachandran Street,13.045044099999998,80.23046635,residential
Mambalam High Road,13.044821750000002,80.2298826,tertiary
Mambalam High Road,13.045427199999999,80.23004470000001,tertiary
Ramachandran Street,13.044924949999999,80.2309719,residential
Ramachandran Street,13.04486745,80.23121624999999,residential
Car Track Road,13.0445668,80.23092399999999,residential
Maharajapuram Santhanam Salai,13.0427774,80.2314605,residential
Maharajapuram Santhanam Salai,13.04291965,80.23029935,residential
Car Track Road,13.0432475,80.2307006,residential
Maharajapuram Santhanam Salai,13.04291965,80.23029935,residential
Maharajapuram Santhanam Salai,13.0430003,80.22966495,residential
Tanjavur Street,13.042063299999999,80.22971765,residential
Viyasar Street,13.044669899999999,80.23524445000001,residential
Raghaviah Road,13.0448778,80.23558205,tertiary
Raghaviah Road,13.044468349999999,80.2354906,tertiary
Lakshmanan Chetty Street,13.04413795,80.23633720000001,residential
Arulambal Street,13.04457825,80.2377888,residential
Lakshmanan Chetty Street,13.04413795,80.23633720000001,residential
Raghaviah Road,13.044468349999999,80.2354906,tertiary
Raghaviah Road,13.044210750000001,80.23544275,tertiary
Arulambal Street,13.04764445,80.238557,residential
Bhagirathi Ammal Street,13.0479914,80.2386817,residential
Bhagirathi Ammal Street,13.048140499999999,80.2380522,residential
Arulambal Street,13.045010449999998,80.23790315,residential
Arulambal Street,13.04457825,80.2377888,residential
Sambasivam Street,13.044918,80.23673505,residential
Sambasivam Street,13.044918,80.23673505,residential
Raghaviah Road,13.0451673,80.23564725,tertiary
Raghaviah Road,13.0448778,80.23558205,tertiary
Somasundaram Road,13.045246599999999,80.23536715,residential
Raghaviah Road,13.0454709,80.23570720000001,tertiary
Raghaviah Road,13.0451673,80.23564725,tertiary
Somasundaram Road,13.045415949999999,80.23419475,residential
Somasundaram Road,13.045246599999999,80.23536715,residential
Rama Street,13.04576485,80.23518569999999,residential
Rama Street,13.045006,80.2350235,residential
Rama Street,13.04666625,80.23535820000001,residential
Bazullah Road,13.04707125,80.23560979999999,secondary
Bazullah Road,13.047220646399522,80.23452903887055,secondary
Raja Char Street,13.0461797,80.23556415,residential
Raghaviah Road,13.0462355,80.23586355,tertiary
Raghaviah Road,13.045932350000001,80.23579950000001,tertiary
Rama Street,13.04666625,80.23535820000001,residential
Rama Street,13.04576485,80.23518569999999,residential
Raja Char Street,13.0461797,80.23556415,residential
Raja Char Street,13.046387487221631,80.23439622513015,residential
Raja Char Street,13.046551149999999,80.23320045,residential
Krishnan Street,13.04659405,80.23287135,residential
North Usman Road,13.046109388847846,80.23281260480044,secondary
Raja Char Street,13.046551149999999,80.23320045,residential
Hanumanthan Street,13.046024,80.23340045,residential
Hanumanthan Street,13.046925250000001,80.23356195000001,residential
Raja Char Street,13.046387487221631,80.23439622513015,residential
Viyasar Street,13.045019799999999,80.2329142,residential
Viyasar Street,13.044851099999999,80.2340847,residential
Hanumanthan Street,13.04526105,80.23325595,residential
Somasundaram Road,13.0455818,80.2330149,residential
Somasundaram Road,13.045415949999999,80.23419475,residential
Hanumanthan Street,13.04526105,80.23325595,residential
Hanumanthan Street,13.046024,80.23340045,residential
Doctor Shivaji Ganesan Road,13.042783249999998,80.2444826,tertiary
Venkatraman Street,13.042269570051822,80.24376656213119,residential
Jagadambal Street,13.04280405,80.24026605,residential
Venkatraman Street,13.042607400000001,80.24147035,residential
Dr Nair Road,13.043328849999998,80.24089964999999,secondary
Dr Nair Road,13.042229551032321,80.24074665726803,secondary
Narasimman 1st Street,13.0471892,80.2462835,residential
Doctor Girappa Road,13.046791649999998,80.24669385,residential
Doctor Girappa Road,13.047764884389155,80.24647020548028,residential
Narashiman 2nd Street,13.04640195,80.2455003,residential
Doctor Shivaji Ganesan Road,13.046476249999998,80.2452036,tertiary
3rd Street,13.045952199999999,80.24543299999999,residential
Doctor Shivaji Ganesan Road,13.04605085,80.24513830000001,tertiary
Dr. B. Narashimhan 3rd Street,13.04564555,80.24532984999999,residential
Doctor Shivaji Ganesan Road,13.04572795,80.2450627,tertiary
Dr. B. Narashimhan 3rd Street,13.04564555,80.24532984999999,residential
3rd Street,13.045952199999999,80.24543299999999,residential
Vijayaraghavachari Road,13.0431503,80.24600175,tertiary
Dr Girappa Road,13.04318605,80.24651675,residential
Vijayaraghavachari Road,13.04303893269956,80.24671648427918,tertiary
Vijaya Raghava 1st Street,13.042614997071604,80.24539896582063,residential
Lodhi Khan 4th Street,13.0408231,80.2423075,residential
Lodhi Khan 4th Street,13.0408231,80.2423075,residential
Raman Street,13.041384549999998,80.24273145,residential
Raman Street,13.0414686,80.24221365,residential
Lodhi Khan 2nd Street,13.042007649999999,80.2420593,residential
Raman Street,13.0414686,80.24221365,residential
Raman Street,13.04163,80.24133425,residential
Lodhi Khan 2nd Street,13.042007649999999,80.2420593,residential
Venkatraman Street,13.042475249999999,80.24234089999999,residential
Venkatraman Street,13.042607400000001,80.24147035,residential
Lodhi Khan 3rd Street,13.0430487,80.24265170000001,residential
Venkatraman Street,13.04239445,80.2428584,residential
Venkatraman Street,13.042475249999999,80.24234089999999,residential
Lodhi Khan 3rd Street,13.0430487,80.24265170000001,residential
Vijayaraghava Road,13.043614730364625,80.24306097121564,tertiary
Vijayaraghava Road,13.043688304158913,80.2425679848585,tertiary
Jagadambal Street,13.04280405,80.24026605,residential
Jagadambal Street,13.04298895,80.23925324999999,residential
Kamalabhai Street,13.043038450000001,80.2397293,residential
Arulambal Street,13.045626550000001,80.23805125000001,residential
Arulambal Street,13.045355550000002,80.23798795,residential
Kuppusamy Street,13.045107395768069,80.23865512082439,residential
Arulambal Street,13.045355550000002,80.23798795,residential
Arulambal Street,13.045010449999998,80.23790315,residential
Singara Mudaliar Street,13.04553065,80.23686925000001,residential
Singara Mudaliar Street,13.04553065,80.23686925000001,residential
Raghaviah Road,13.045932350000001,80.23579950000001,tertiary
Raghaviah Road,13.0454709,80.23570720000001,tertiary
Arulambal Street,13.046200950000001,80.2381777,residential
Arulambal Street,13.045626550000001,80.23805125000001,residential
Yogambal Street,13.0461048,80.2369966,residential
Yogambal Street,13.0461048,80.2369966,residential
Raghaviah Road,13.04667625,80.235956,tertiary
Raghaviah Road,13.0462355,80.23586355,tertiary
Viyasar Street,13.044851099999999,80.2340847,residential
Viyasar Street,13.044669899999999,80.23524445000001,residential
Rama Street,13.045006,80.2350235,residential
Hanumanthan Street,13.046925250000001,80.23356195000001,residential
Bazullah Road,13.047378649999999,80.23334905,secondary
Bazullah Road,13.047220646399522,80.23452903887055,secondary
North Usman Road,13.04553395,80.23264095,secondary
Krishnan Street,13.04664985,80.23247624999999,residential
Mambalam High Road,13.0487737,80.2305431,tertiary
Mambalam High Road,13.049208199999999,80.2306102,tertiary
Vivekananda Street,13.048981862462009,80.23144434432172,residential
Ramakrishna Street,13.0492558,80.2313745,residential
Ramakrishna Street,13.0490763,80.23274055,residential
Vivekananda Street,13.048981862462009,80.23144434432172,residential
Parthasaratypuram,13.05204575,80.23335374999999,residential
Parthasaratypuram,13.05283254537391,80.23373358441917,residential
Madhavan Nair Road,13.05765935,80.23218385,residential
Madhavan Nair Road,13.05687395,80.23211055,residential
Sarojini Street,13.05798235,80.23417125,residential
Mahalingam Street,13.058186250728955,80.23458499562912,residential
"['Madhavan Nair Road', 'Mahalingam Street']",13.058269185104244,80.23302308451832,residential
Sarojini Street,13.055759499999999,80.23396515000002,residential
Sarojini Street,13.0563965,80.23405955,residential
Lady Madhavan Road,13.0562053,80.23336995,residential
Sarojini Street,13.054323525331256,80.23367272401705,residential
Mamabalam Highway,13.05395714254878,80.23387587807359,tertiary
Madhavan Nair Road,13.0546884,80.2315579,residential
Madhavan Nair Road,13.055630936369203,80.23185493876262,residential
Sarojini Street,13.05505025,80.23381815,residential
Sarojini Street,13.055759499999999,80.23396515000002,residential
Madhavan Nair Road,13.05687395,80.23211055,residential
Lady Madhavan Road,13.05630215,80.23236915000001,residential
Madhavan Nair Road,13.055630936369203,80.23185493876261,residential
Kambar Street,13.05620985,80.2367388,residential
Kamdar Nagar 1st Main Street,13.054822564350518,80.23660054692286,residential
vaikundapuram 2nd street,13.055644347488917,80.23703417896154,"['living_street', 'residential']"
Kambar Street,13.05767045,80.23688425,residential
Kambar Street,13.057974807127811,80.23690854912212,residential
Mahalingapuram Main Road,13.057983807283915,80.23574483145069,secondary
Kamdar Nagar 1st Main Street,13.0541575,80.23571615,residential
Kamdar Nagar 2nd Street,13.0550586,80.23611095,residential
Kamdar Nagar 2nd Street,13.0550586,80.23611095,residential
Kamdar Nagar 1st Main Street,13.0541575,80.23571615,residential
Kamdar Nagar 1st Main Street,13.054822564350516,80.23660054692286,residential
Thilak Street,13.04783525,80.2355515,residential
Dr Sadasivam Road,13.0478019,80.23594125,residential
Dr Sadasivam Road,13.04740175,80.23586175,residential
Dr Sadasivam Road,13.04740175,80.23586175,residential
Bazullah Road,13.04702545,80.2359082,secondary
Bazullah Road,13.04707125,80.23560979999999,secondary
Dr Sadasivam Road,13.049057000000001,80.23634215,residential
Sivasailam Street,13.0494886,80.23639815,residential
Sarangapani Street,13.0493378,80.2370973,residential
Giri Road,13.04814075,80.24259415,residential
Giri Road,13.048225850250633,80.24397235696328,residential
Giri Road,13.047546892521169,80.24326564984442,residential
Gopathi Narayanaswami Road,13.0474149,80.24432390000001,secondary
Giri Road,13.047546892521169,80.24326564984442,residential
Gopathi Narayanaswami Road,13.047902700000002,80.24521675,secondary
Giri Road,13.048225850250638,80.24397235696331,residential
Habibullah Road,13.04981935,80.24110055,residential
Paul Appaswamy Street,13.049018400000001,80.24166115,residential
Habibullah Road,13.0495920928467,80.2421013484464,residential
Paul Appaswamy Street,13.049018400000001,80.24166115,residential
Giri Road,13.048537349999998,80.24081505000001,residential
Giri Road,13.048294747524597,80.24188599604452,residential
Sarangapani Street,13.048819949999999,80.23951995,residential
Thirumalai Pillai Road,13.0492249969681,80.24016452023974,secondary
Habibullah Road,13.049987999999999,80.2389417,residential
Habibullah Road,13.0498376,80.2397626,residential
Arulambal Street,13.0494326,80.2391178,residential
Arulambal Street,13.04845935,80.2388498,residential
Bhagirathi Ammal Street,13.0478644,80.239292,residential
Bhagirathi Ammal Street,13.0479914,80.2386817,residential
Arulambal Street,13.04845935,80.2388498,residential
Arulambal Street,13.0494326,80.2391178,residential
Sarangapani Street,13.048819949999999,80.23951995,residential
Sarangapani Street,13.049027500000001,80.2385325,residential
Thilak Street,13.04783525,80.2355515,residential
Thilak Street,13.048000049999999,80.23477425,residential
Ramakanth Street,13.0481385,80.2352293,residential
Sarathy Street,13.0511996,80.23604505,residential
Padmanabha Street,13.051836699999999,80.2364531,residential
Padmanabha Street,13.051905300000001,80.23598045,residential
Habibullah Road,13.0506025,80.2355809,residential
Habibullah Road,13.050480400000001,80.2361798,residential
Ramakanth Street,13.05008725,80.23572945000001,residential
Sarathy Street,13.0511996,80.23604505,residential
Ramakanth Street,13.05008725,80.23572945000001,residential
Ramakanth Street,13.0492667,80.23550335,residential
Bharathy Nagar 1st Street,13.049683550000001,80.2353439,residential
Bharathy Nagar 1st Street,13.049566438385787,80.2359558978878,residential
2nd Street,13.0493917,80.2342037,residential
Thilak Street Ext,13.049521299999999,80.2348626,residential
Thilak Street Ext,13.049181449999999,80.23479565,residential
Thilak Street Ext,13.048940850000001,80.23470585,residential
Thilak Street Ext,13.0484382,80.2345034,residential
3rd Street,13.0488795,80.23405155,residential
Bhagirathi Amma Street,13.048996800000003,80.23509494999999,residential
Thilak Street Ext,13.049181449999999,80.23479565,residential
Thilak Street Ext,13.048940850000001,80.23470585,residential
Rajan Street,13.04791995,80.2373643,residential
Rajan Street,13.0487416,80.23758624999999,residential
Bhagirathi Ammal Street,13.048140499999999,80.2380522,residential
Bhagirathi Ammal Street,13.0484608,80.2368311,residential
Bhagirathi Ammal Street,13.0478644,80.239292,residential
Thirumalai Pillai Road,13.04822499853481,80.23996215730044,secondary
Ramakanth Street,13.0492667,80.23550335,residential
Ramakanth Street,13.048632600000001,80.23534755,residential
Bhagirathi Amma Street,13.04876985,80.23580615,residential
Bhagirathi Amma Street,13.048996800000003,80.23509494999999,residential
Dr Sadasivam Road,13.049057000000001,80.23634215,residential
Dr Sadasivam Road,13.0482424,80.23607765,residential
Bhagirathi Amma Street,13.04876985,80.23580615,residential
Bhagirathi Ammal Street,13.0484608,80.2368311,residential
Dr Sadasivam Road,13.0482424,80.23607765,residential
Dr Sadasivam Road,13.0478019,80.23594125,residential
Trimoorthy Street,13.0477204,80.2365255,residential
Arulambal Street,13.04764445,80.238557,residential
Arulambal Street,13.04691595,80.23836025,residential
Trimoorthy Street,13.047155700000003,80.23908180000001,residential
Trimoorthy Street,13.0474239,80.23786910000001,residential
Trimoorthy Street,13.047018399999999,80.23971545,residential
Trimoorthy Street,13.047155700000003,80.23908180000001,residential
Thirumalai Pillai Road,13.047382442111527,80.23977664309062,secondary
Chinnaiah Street,13.04679855,80.24219585,residential
Gopathi Narayanaswami Road,13.046729964473327,80.24310187404117,secondary
Giri Road,13.04814075,80.24259415,residential
Giri Road,13.048294747524597,80.24188599604452,residential
Valmiki Street,13.0467377,80.23965685,residential
Thirumalai Pillai Road,13.04688155,80.2396672,secondary
Habibullah Road,13.050480400000001,80.2361798,residential
Sivasailam Street,13.049959600000001,80.23640624999999,residential
Sivasailam Street,13.05071275,80.2365298,residential
Habibullah Road,13.050309545589041,80.23717894367317,residential
Sivasailam Street,13.05127665,80.23660269999999,residential
Sivasailam Street,13.0516814,80.23666075,residential
Padmanabhan Street,13.05149235,80.23710495,residential
Padmanabhan Street,13.0514092,80.2378413,residential
Bala Muthukrishnan Street,13.0508352,80.23791604999998,residential
Bala Muthukrishnan Street,13.0509475,80.2370363,residential
Dharmapuram Main Road,13.05104995,80.23752715,residential
Habibullah Road,13.0501185,80.23824379999999,residential
Habibullah Road,13.050309545589041,80.23717894367317,residential
Krishna Bhai Street,13.051551050000002,80.23894685,residential
Balaji Avenue 1st Street,13.05109515,80.23969640000001,residential
Krishna Bhai Street,13.050983488121881,80.23882219090204,residential
Balaji Avenue 1st Street,13.05109515,80.23969640000001,residential
Thirumalai Pillai Road,13.051470313202014,80.2406330259677,secondary
Krishna Bhai Street,13.0521304,80.23908215,residential
Thangavelu Gramani Street,13.052207834366802,80.23995366089166,residential
Seeranpuram Street,13.052463372055763,80.23893530918318,living_street
Krishna Bhai Street,13.0521304,80.23908215,residential
Krishna Bhai Street,13.051551050000002,80.23894685,residential
Sundarambal Street,13.0517201,80.23955155,residential
Dharmapuram Main Road,13.05132565,80.23755489999999,residential
Padmanabhan Street,13.0514092,80.2378413,residential
Dharmapuram Main Road,13.051547750000001,80.23758150000002,residential
Padmanabhan Street,13.05149235,80.23710495,residential
Dharmapuram Main Road,13.05132565,80.23755489999999,residential
Dharmapuram Main Road,13.05104995,80.23752715,residential
Dharmapuram Main Road,13.0519922,80.2376318,residential
Dharmapuram Main Road,13.05169425,80.23760195,residential
Dharmapuram Main Road,13.0525473,80.2376873,residential
Dharmapuram Main Road,13.0519922,80.2376318,residential
Seeranpuram Street,13.052815950000001,80.23783395000001,living_street
Seeranpuram Street,13.052749238111941,80.23812021270284,living_street
Solaiappan Street,13.0528671,80.23666475,residential
Sivasailam Street,13.052315055325785,80.23679355854921,residential
Solaiappan Street,13.052831683610538,80.23731315686854,residential
Solaiappan Street,13.0528671,80.23666475,residential
Sarathy Street,13.05314385,80.23645350000001,residential
Sarathy Street,13.0527078,80.23639055000002,residential
Sarathy Street,13.0527078,80.23639055000002,residential
Sarathy Street,13.05314385,80.23645350000001,residential
Dr MGR Salai,13.0534007,80.23631905,primary
Bala Muthukrishnan Street,13.0509475,80.2370363,residential
Sivasailam Street,13.05071275,80.2365298,residential
Sivasailam Street,13.05127665,80.23660269999999,residential
Seeranpuram Street,13.052815950000001,80.23783395000001,living_street
Dharmapuram Main Road,13.052955449999997,80.2377133,residential
Dharmapuram Main Road,13.0525473,80.2376873,residential
Solaiappan Street,13.052831683610538,80.23731315686854,residential
Seeranpuram Street,13.0525497,80.23860979999999,living_street
Seeranpuram Street,13.05263875,80.23839515,living_street
Seeranpuram Street,13.0525497,80.23860979999999,living_street
Seeranpuram Street,13.052463372055763,80.23893530918318,living_street
Rajan Street,13.0487416,80.23758624999999,residential
Sarangapani Street,13.0493378,80.2370973,residential
Sarangapani Street,13.04916066808905,80.23789845379683,residential
Trimoorthy Street,13.0474239,80.23786910000001,residential
Rajan Street,13.04791995,80.2373643,residential
Trimoorthy Street,13.047575141761397,80.23718374817848,residential
Vidyodaya Main Road,13.05002125,80.2425471,residential
Habibullah Road,13.0495920928467,80.2421013484464,residential
Habibullah Road,13.04947541256587,80.24264045271521,residential
Vidyodaya Main Road,13.05149685,80.2429293,residential
Prakasam Street,13.051814950000002,80.2430975,residential
Vidyodaya Main Road,13.052318226240734,80.24308991821734,residential
Prakasam Street,13.05113495,80.2451487,residential
Prakasam Street,13.0507818,80.2456222,residential
Habibullah Road,13.0490645,80.24460135000001,residential
vidyodaya 1st Cross Street,13.04955905,80.2449163,residential
Habibullah Road,13.04884730914685,80.24518302255187,residential
vidyodaya 1st Cross Street,13.04955905,80.2449163,residential
Vidyodaya Main Road,13.050831950000001,80.2427718,residential
Vidyodaya Main Road,13.05002125,80.2425471,residential
Vidyodaya 1st Cross Street,13.050387567614388,80.24321620439984,residential
Vidyodaya Main Road,13.05149685,80.2429293,residential
Vidyodaya Main Road,13.050831950000001,80.2427718,residential
Vidyodaya 2nd Cross Street,13.05101395,80.2433527,residential
Vidyodaya 2nd Cross Street,13.05101395,80.2433527,residential
vidyodaya 1st main,13.051178400000001,80.2439581,residential
vidyodaya 1st main,13.05056955,80.2437971,residential
vidyodaya 1st main,13.05056955,80.2437971,residential
Vidyodaya 1st Cross Street,13.050387567614383,80.24321620439983,residential
Vidyodaya 1st Cross Street,13.050193419640815,80.2440998537046,residential
Prakasam Street,13.051388350000002,80.2443535,residential
Prakasam Street,13.051613849999999,80.24366975000001,residential
vidyodaya 1st main,13.051178400000001,80.2439581,residential
Vidyodaya 1st Cross Street,13.050193419640815,80.2440998537046,residential
Prakasam Street,13.05113495,80.2451487,residential
Prakasam Street,13.051388350000002,80.2443535,residential
Cathedral Garden Road,13.052042429292495,80.24658979967934,tertiary
Sarojini Street,13.05469815,80.23374165000001,residential
Sarojini Street,13.05505025,80.23381815,residential
Lynwood Lane,13.054838286871309,80.23306017304346,residential
Madhavan Nair Road,13.0546884,80.2315579,residential
Palat Sankaran Street,13.0543806,80.2322269,residential
"['Bala Sankaran Street', 'Madhavan Nair Road']",13.054235663434953,80.23162170665906,residential
Mahalingapuram Main Road,13.0563642,80.23481735,secondary
Nachiappan Street,13.0565231,80.23580444999999,residential
Kambar Street,13.05620985,80.2367388,residential
Kambar Street,13.0567074,80.23677875,residential
Nachiappan Street,13.0565231,80.23580444999999,residential
Kambar Street,13.0567074,80.23677875,residential
Kambar Street,13.057187899999997,80.23682844999999,residential
Ramanathan Street,13.05704645,80.23584305,residential
Ramanathan Street,13.05704645,80.23584305,residential
